year,group,sys,topic,n,n_u,n_t,avg,avg_t
2013,ICTNET,ICTNET13ADR1,201,1000,1000,0,1,
2013,ICTNET,ICTNET13ADR1,202,1000,1000,0,1,
2013,ICTNET,ICTNET13ADR1,203,1000,1000,0,1,
2013,ICTNET,ICTNET13ADR1,204,1000,1000,0,1,
2013,ICTNET,ICTNET13ADR1,205,1000,1000,0,1,
2013,ICTNET,ICTNET13ADR1,206,1000,1000,0,1,
2013,ICTNET,ICTNET13ADR1,207,1000,1000,0,1,
2013,ICTNET,ICTNET13ADR1,208,1000,1000,0,1,
2013,ICTNET,ICTNET13ADR1,209,1000,1000,0,1,
2013,ICTNET,ICTNET13ADR1,210,1000,1000,0,1,
2013,ICTNET,ICTNET13ADR1,211,1000,1000,0,1,
2013,ICTNET,ICTNET13ADR1,212,1000,1000,0,1,
2013,ICTNET,ICTNET13ADR1,213,1000,1000,0,1,
2013,ICTNET,ICTNET13ADR1,214,1000,1000,0,1,
2013,ICTNET,ICTNET13ADR1,215,1000,1000,0,1,
2013,ICTNET,ICTNET13ADR1,216,1000,1000,0,1,
2013,ICTNET,ICTNET13ADR1,217,1000,1000,0,1,
2013,ICTNET,ICTNET13ADR1,218,1000,1000,0,1,
2013,ICTNET,ICTNET13ADR1,219,1000,1000,0,1,
2013,ICTNET,ICTNET13ADR1,220,1000,1000,0,1,
2013,ICTNET,ICTNET13ADR1,221,1000,1000,0,1,
2013,ICTNET,ICTNET13ADR1,222,1000,1000,0,1,
2013,ICTNET,ICTNET13ADR1,223,1000,1000,0,1,
2013,ICTNET,ICTNET13ADR1,224,1000,1000,0,1,
2013,ICTNET,ICTNET13ADR1,225,1000,1000,0,1,
2013,ICTNET,ICTNET13ADR1,226,1000,1000,0,1,
2013,ICTNET,ICTNET13ADR1,227,1000,1000,0,1,
2013,ICTNET,ICTNET13ADR1,228,1000,1000,0,1,
2013,ICTNET,ICTNET13ADR1,229,1000,1000,0,1,
2013,ICTNET,ICTNET13ADR1,230,1000,1000,0,1,
2013,ICTNET,ICTNET13ADR1,231,1000,1000,0,1,
2013,ICTNET,ICTNET13ADR1,232,1000,1000,0,1,
2013,ICTNET,ICTNET13ADR1,233,1000,1000,0,1,
2013,ICTNET,ICTNET13ADR1,234,1000,1000,0,1,
2013,ICTNET,ICTNET13ADR1,235,1000,1000,0,1,
2013,ICTNET,ICTNET13ADR1,236,1000,1000,0,1,
2013,ICTNET,ICTNET13ADR1,237,1000,1000,0,1,
2013,ICTNET,ICTNET13ADR1,238,1000,1000,0,1,
2013,ICTNET,ICTNET13ADR1,239,1000,1000,0,1,
2013,ICTNET,ICTNET13ADR1,240,1000,1000,0,1,
2013,ICTNET,ICTNET13ADR1,241,1000,1000,0,1,
2013,ICTNET,ICTNET13ADR1,242,1000,1000,0,1,
2013,ICTNET,ICTNET13ADR1,243,1000,1000,0,1,
2013,ICTNET,ICTNET13ADR1,244,1000,1000,0,1,
2013,ICTNET,ICTNET13ADR1,245,1000,1000,0,1,
2013,ICTNET,ICTNET13ADR1,246,1000,1000,0,1,
2013,ICTNET,ICTNET13ADR1,247,1000,1000,0,1,
2013,ICTNET,ICTNET13ADR1,248,1000,1000,0,1,
2013,ICTNET,ICTNET13ADR1,249,1000,1000,0,1,
2013,ICTNET,ICTNET13ADR1,250,1000,1000,0,1,
2013,ICTNET,ICTNET13ADR2,201,1000,1000,0,1,
2013,ICTNET,ICTNET13ADR2,202,1000,1000,0,1,
2013,ICTNET,ICTNET13ADR2,203,1000,1000,0,1,
2013,ICTNET,ICTNET13ADR2,204,1000,1000,0,1,
2013,ICTNET,ICTNET13ADR2,205,1000,1000,0,1,
2013,ICTNET,ICTNET13ADR2,206,1000,1000,0,1,
2013,ICTNET,ICTNET13ADR2,207,1000,1000,0,1,
2013,ICTNET,ICTNET13ADR2,208,1000,1000,0,1,
2013,ICTNET,ICTNET13ADR2,209,1000,1000,0,1,
2013,ICTNET,ICTNET13ADR2,210,1000,1000,0,1,
2013,ICTNET,ICTNET13ADR2,211,1000,1000,0,1,
2013,ICTNET,ICTNET13ADR2,212,1000,1000,0,1,
2013,ICTNET,ICTNET13ADR2,213,1000,1000,0,1,
2013,ICTNET,ICTNET13ADR2,214,1000,1000,0,1,
2013,ICTNET,ICTNET13ADR2,215,1000,1000,0,1,
2013,ICTNET,ICTNET13ADR2,216,1000,1000,0,1,
2013,ICTNET,ICTNET13ADR2,217,1000,1000,0,1,
2013,ICTNET,ICTNET13ADR2,218,1000,1000,0,1,
2013,ICTNET,ICTNET13ADR2,219,1000,1000,0,1,
2013,ICTNET,ICTNET13ADR2,220,1000,1000,0,1,
2013,ICTNET,ICTNET13ADR2,221,1000,1000,0,1,
2013,ICTNET,ICTNET13ADR2,222,1000,1000,0,1,
2013,ICTNET,ICTNET13ADR2,223,1000,1000,0,1,
2013,ICTNET,ICTNET13ADR2,224,1000,1000,0,1,
2013,ICTNET,ICTNET13ADR2,225,1000,1000,0,1,
2013,ICTNET,ICTNET13ADR2,226,1000,1000,0,1,
2013,ICTNET,ICTNET13ADR2,227,1000,1000,0,1,
2013,ICTNET,ICTNET13ADR2,228,1000,1000,0,1,
2013,ICTNET,ICTNET13ADR2,229,1000,1000,0,1,
2013,ICTNET,ICTNET13ADR2,230,1000,1000,0,1,
2013,ICTNET,ICTNET13ADR2,231,1000,1000,0,1,
2013,ICTNET,ICTNET13ADR2,232,1000,1000,0,1,
2013,ICTNET,ICTNET13ADR2,233,1000,1000,0,1,
2013,ICTNET,ICTNET13ADR2,234,1000,1000,0,1,
2013,ICTNET,ICTNET13ADR2,235,1000,1000,0,1,
2013,ICTNET,ICTNET13ADR2,236,1000,1000,0,1,
2013,ICTNET,ICTNET13ADR2,237,1000,1000,0,1,
2013,ICTNET,ICTNET13ADR2,238,1000,1000,0,1,
2013,ICTNET,ICTNET13ADR2,239,1000,1000,0,1,
2013,ICTNET,ICTNET13ADR2,240,1000,1000,0,1,
2013,ICTNET,ICTNET13ADR2,241,1000,1000,0,1,
2013,ICTNET,ICTNET13ADR2,242,1000,1000,0,1,
2013,ICTNET,ICTNET13ADR2,243,1000,1000,0,1,
2013,ICTNET,ICTNET13ADR2,244,1000,1000,0,1,
2013,ICTNET,ICTNET13ADR2,245,1000,1000,0,1,
2013,ICTNET,ICTNET13ADR2,246,1000,1000,0,1,
2013,ICTNET,ICTNET13ADR2,247,1000,1000,0,1,
2013,ICTNET,ICTNET13ADR2,248,1000,1000,0,1,
2013,ICTNET,ICTNET13ADR2,249,1000,1000,0,1,
2013,ICTNET,ICTNET13ADR2,250,1000,1000,0,1,
2013,ICTNET,ICTNET13ADR3,201,1000,1000,0,1,
2013,ICTNET,ICTNET13ADR3,202,1000,1000,0,1,
2013,ICTNET,ICTNET13ADR3,203,1000,1000,0,1,
2013,ICTNET,ICTNET13ADR3,204,1000,1000,0,1,
2013,ICTNET,ICTNET13ADR3,205,1000,1000,0,1,
2013,ICTNET,ICTNET13ADR3,206,1000,1000,0,1,
2013,ICTNET,ICTNET13ADR3,207,1000,1000,0,1,
2013,ICTNET,ICTNET13ADR3,208,1000,1000,0,1,
2013,ICTNET,ICTNET13ADR3,209,1000,1000,0,1,
2013,ICTNET,ICTNET13ADR3,210,1000,1000,0,1,
2013,ICTNET,ICTNET13ADR3,211,1000,1000,0,1,
2013,ICTNET,ICTNET13ADR3,212,1000,1000,0,1,
2013,ICTNET,ICTNET13ADR3,213,1000,1000,0,1,
2013,ICTNET,ICTNET13ADR3,214,1000,1000,0,1,
2013,ICTNET,ICTNET13ADR3,215,1000,1000,0,1,
2013,ICTNET,ICTNET13ADR3,216,1000,1000,0,1,
2013,ICTNET,ICTNET13ADR3,217,1000,1000,0,1,
2013,ICTNET,ICTNET13ADR3,218,1000,1000,0,1,
2013,ICTNET,ICTNET13ADR3,219,1000,1000,0,1,
2013,ICTNET,ICTNET13ADR3,220,1000,1000,0,1,
2013,ICTNET,ICTNET13ADR3,221,1000,1000,0,1,
2013,ICTNET,ICTNET13ADR3,222,1000,1000,0,1,
2013,ICTNET,ICTNET13ADR3,223,1000,1000,0,1,
2013,ICTNET,ICTNET13ADR3,224,1000,1000,0,1,
2013,ICTNET,ICTNET13ADR3,225,1000,1000,0,1,
2013,ICTNET,ICTNET13ADR3,226,1000,1000,0,1,
2013,ICTNET,ICTNET13ADR3,227,1000,1000,0,1,
2013,ICTNET,ICTNET13ADR3,228,1000,1000,0,1,
2013,ICTNET,ICTNET13ADR3,229,1000,1000,0,1,
2013,ICTNET,ICTNET13ADR3,230,1000,1000,0,1,
2013,ICTNET,ICTNET13ADR3,231,1000,1000,0,1,
2013,ICTNET,ICTNET13ADR3,232,1000,1000,0,1,
2013,ICTNET,ICTNET13ADR3,233,1000,1000,0,1,
2013,ICTNET,ICTNET13ADR3,234,1000,1000,0,1,
2013,ICTNET,ICTNET13ADR3,235,1000,1000,0,1,
2013,ICTNET,ICTNET13ADR3,236,1000,1000,0,1,
2013,ICTNET,ICTNET13ADR3,237,1000,1000,0,1,
2013,ICTNET,ICTNET13ADR3,238,1000,1000,0,1,
2013,ICTNET,ICTNET13ADR3,239,1000,1000,0,1,
2013,ICTNET,ICTNET13ADR3,240,1000,1000,0,1,
2013,ICTNET,ICTNET13ADR3,241,1000,1000,0,1,
2013,ICTNET,ICTNET13ADR3,242,1000,1000,0,1,
2013,ICTNET,ICTNET13ADR3,243,1000,1000,0,1,
2013,ICTNET,ICTNET13ADR3,244,1000,1000,0,1,
2013,ICTNET,ICTNET13ADR3,245,1000,1000,0,1,
2013,ICTNET,ICTNET13ADR3,246,1000,1000,0,1,
2013,ICTNET,ICTNET13ADR3,247,1000,1000,0,1,
2013,ICTNET,ICTNET13ADR3,248,1000,1000,0,1,
2013,ICTNET,ICTNET13ADR3,249,1000,1000,0,1,
2013,ICTNET,ICTNET13ADR3,250,1000,1000,0,1,
2013,udel_fang,UDInfolabWEB1,201,1000,764,236,1.16959064327485,2.59340659340659
2013,udel_fang,UDInfolabWEB1,202,1000,905,95,1.05374077976818,2.15909090909091
2013,udel_fang,UDInfolabWEB1,203,1000,822,178,1.14025085518814,3.23636363636364
2013,udel_fang,UDInfolabWEB1,204,1000,901,99,1.06044538706257,2.35714285714286
2013,udel_fang,UDInfolabWEB1,205,1000,852,148,1.09289617486339,2.34920634920635
2013,udel_fang,UDInfolabWEB1,206,1000,899,101,1.05485232067511,2.06122448979592
2013,udel_fang,UDInfolabWEB1,207,1000,858,142,1.09649122807018,2.62962962962963
2013,udel_fang,UDInfolabWEB1,208,1000,859,141,1.11234705228031,3.525
2013,udel_fang,UDInfolabWEB1,209,1000,878,122,1.07758620689655,2.44
2013,udel_fang,UDInfolabWEB1,210,1000,799,201,1.13250283125708,2.39285714285714
2013,udel_fang,UDInfolabWEB1,211,1000,714,286,1.27877237851662,4.20588235294118
2013,udel_fang,UDInfolabWEB1,212,1000,912,88,1.04712041884817,2.04651162790698
2013,udel_fang,UDInfolabWEB1,213,1000,835,165,1.10253583241455,2.29166666666667
2013,udel_fang,UDInfolabWEB1,214,1000,850,150,1.08932461873638,2.20588235294118
2013,udel_fang,UDInfolabWEB1,215,1000,690,310,1.21802679658953,2.36641221374046
2013,udel_fang,UDInfolabWEB1,216,1000,890,110,1.07181136120043,2.55813953488372
2013,udel_fang,UDInfolabWEB1,217,1000,906,94,1.05374077976818,2.18604651162791
2013,udel_fang,UDInfolabWEB1,218,1000,637,363,1.44927536231884,6.84905660377359
2013,udel_fang,UDInfolabWEB1,219,1000,741,259,1.27713920817369,6.16666666666667
2013,udel_fang,UDInfolabWEB1,220,1000,699,301,1.30039011703511,4.3
2013,udel_fang,UDInfolabWEB1,221,1000,729,271,1.21212121212121,2.82291666666667
2013,udel_fang,UDInfolabWEB1,222,1000,735,265,1.18483412322275,2.43119266055046
2013,udel_fang,UDInfolabWEB1,223,1000,775,225,1.19904076738609,3.8135593220339
2013,udel_fang,UDInfolabWEB1,224,1000,860,140,1.09649122807018,2.69230769230769
2013,udel_fang,UDInfolabWEB1,225,1000,690,310,1.3262599469496,4.84375
2013,udel_fang,UDInfolabWEB1,226,1000,740,260,1.21654501216545,3.17073170731707
2013,udel_fang,UDInfolabWEB1,227,1000,894,106,1.06609808102345,2.40909090909091
2013,udel_fang,UDInfolabWEB1,228,1000,915,85,1.04602510460251,2.07317073170732
2013,udel_fang,UDInfolabWEB1,229,1000,876,124,1.07411385606874,2.25454545454545
2013,udel_fang,UDInfolabWEB1,230,1000,841,159,1.08932461873638,2.06493506493507
2013,udel_fang,UDInfolabWEB1,231,1000,834,166,1.10132158590308,2.24324324324324
2013,udel_fang,UDInfolabWEB1,232,1000,843,157,1.10253583241455,2.453125
2013,udel_fang,UDInfolabWEB1,233,1000,817,183,1.13636363636364,2.9047619047619
2013,udel_fang,UDInfolabWEB1,234,1000,918,82,1.05263157894737,2.5625
2013,udel_fang,UDInfolabWEB1,235,1000,838,162,1.0989010989011,2.25
2013,udel_fang,UDInfolabWEB1,236,1000,794,206,1.14285714285714,2.54320987654321
2013,udel_fang,UDInfolabWEB1,237,1000,805,195,1.12994350282486,2.4375
2013,udel_fang,UDInfolabWEB1,238,1000,786,214,1.14942528735632,2.54761904761905
2013,udel_fang,UDInfolabWEB1,239,1000,704,296,1.20772946859903,2.38709677419355
2013,udel_fang,UDInfolabWEB1,240,1000,869,131,1.07874865156419,2.25862068965517
2013,udel_fang,UDInfolabWEB1,241,1000,898,102,1.07296137339056,3
2013,udel_fang,UDInfolabWEB1,242,1000,850,150,1.13122171945701,4.41176470588235
2013,udel_fang,UDInfolabWEB1,243,1000,792,208,1.15874855156431,2.92957746478873
2013,udel_fang,UDInfolabWEB1,244,1000,834,166,1.11856823266219,2.76666666666667
2013,udel_fang,UDInfolabWEB1,245,1000,884,116,1.06723585912487,2.18867924528302
2013,udel_fang,UDInfolabWEB1,246,1000,897,103,1.06157112526539,2.28888888888889
2013,udel_fang,UDInfolabWEB1,247,1000,873,127,1.07642626480086,2.26785714285714
2013,udel_fang,UDInfolabWEB1,248,1000,843,157,1.10864745011086,2.66101694915254
2013,udel_fang,UDInfolabWEB1,249,1000,503,497,1.56739811912226,3.68148148148148
2013,udel_fang,UDInfolabWEB1,250,1000,588,412,1.40646976090014,3.34959349593496
2013,udle_fang,UDInfolabWEB2,201,1000,744,256,1.18764845605701,2.61224489795918
2013,udle_fang,UDInfolabWEB2,202,1000,489,511,1.75438596491228,6.30864197530864
2013,udle_fang,UDInfolabWEB2,203,1000,835,165,1.12612612612613,3.11320754716981
2013,udle_fang,UDInfolabWEB2,204,1000,879,121,1.06951871657754,2.16071428571429
2013,udle_fang,UDInfolabWEB2,205,1000,837,163,1.10497237569061,2.39705882352941
2013,udle_fang,UDInfolabWEB2,206,1000,863,137,1.08813928182807,2.44642857142857
2013,udle_fang,UDInfolabWEB2,207,1000,749,251,1.19617224880383,2.88505747126437
2013,udle_fang,UDInfolabWEB2,208,1000,878,122,1.0989010989011,3.8125
2013,udle_fang,UDInfolabWEB2,209,1000,895,105,1.06609808102345,2.44186046511628
2013,udle_fang,UDInfolabWEB2,210,1000,834,166,1.11111111111111,2.51515151515152
2013,udle_fang,UDInfolabWEB2,211,1000,722,278,1.27226463104326,4.34375
2013,udle_fang,UDInfolabWEB2,212,1000,871,129,1.08342361863489,2.48076923076923
2013,udle_fang,UDInfolabWEB2,213,1000,766,234,1.17096018735363,2.65909090909091
2013,udle_fang,UDInfolabWEB2,214,1000,844,156,1.09529025191676,2.26086956521739
2013,udle_fang,UDInfolabWEB2,215,1000,719,281,1.19331742243437,2.36134453781513
2013,udle_fang,UDInfolabWEB2,216,1000,890,110,1.0752688172043,2.75
2013,udle_fang,UDInfolabWEB2,217,1000,918,82,1.04712041884817,2.21621621621622
2013,udle_fang,UDInfolabWEB2,218,1000,836,164,1.10497237569061,2.3768115942029
2013,udle_fang,UDInfolabWEB2,219,1000,773,227,1.21654501216545,4.63265306122449
2013,udle_fang,UDInfolabWEB2,220,1000,791,209,1.17233294255569,3.37096774193548
2013,udle_fang,UDInfolabWEB2,221,1000,762,238,1.16686114352392,2.50526315789474
2013,udle_fang,UDInfolabWEB2,222,1000,748,252,1.17924528301887,2.52
2013,udle_fang,UDInfolabWEB2,223,1000,748,252,1.21802679658953,3.45205479452055
2013,udle_fang,UDInfolabWEB2,224,1000,828,172,1.13122171945701,3.07142857142857
2013,udle_fang,UDInfolabWEB2,225,1000,819,181,1.10864745011086,2.18072289156627
2013,udle_fang,UDInfolabWEB2,226,1000,607,393,1.49253731343284,6.23809523809524
2013,udle_fang,UDInfolabWEB2,227,1000,847,153,1.11607142857143,3.12244897959184
2013,udle_fang,UDInfolabWEB2,228,1000,830,170,1.0989010989011,2.125
2013,udle_fang,UDInfolabWEB2,229,1000,795,205,1.14025085518814,2.5
2013,udle_fang,UDInfolabWEB2,230,1000,934,66,1.03412616339193,2
2013,udle_fang,UDInfolabWEB2,231,1000,853,147,1.08813928182807,2.22727272727273
2013,udle_fang,UDInfolabWEB2,232,1000,814,186,1.12994350282486,2.61971830985916
2013,udle_fang,UDInfolabWEB2,233,1000,842,158,1.0989010989011,2.32352941176471
2013,udle_fang,UDInfolabWEB2,234,1000,889,111,1.06723585912487,2.3125
2013,udle_fang,UDInfolabWEB2,235,1000,791,209,1.13250283125708,2.27173913043478
2013,udle_fang,UDInfolabWEB2,236,1000,819,181,1.10864745011086,2.18072289156627
2013,udle_fang,UDInfolabWEB2,237,1000,809,191,1.11482720178372,2.17045454545455
2013,udle_fang,UDInfolabWEB2,238,1000,769,231,1.16009280742459,2.48387096774194
2013,udle_fang,UDInfolabWEB2,239,1000,285,715,2.77777777777778,9.53333333333333
2013,udle_fang,UDInfolabWEB2,240,1000,906,94,1.05596620908131,2.29268292682927
2013,udle_fang,UDInfolabWEB2,241,1000,579,421,1.53374233128834,5.76712328767123
2013,udle_fang,UDInfolabWEB2,242,1000,840,160,1.14025085518814,4.32432432432432
2013,udle_fang,UDInfolabWEB2,243,1000,689,311,1.27064803049555,3.1734693877551
2013,udle_fang,UDInfolabWEB2,244,1000,843,157,1.10497237569061,2.53225806451613
2013,udle_fang,UDInfolabWEB2,245,1000,838,162,1.10741971207087,2.49230769230769
2013,udle_fang,UDInfolabWEB2,246,1000,897,103,1.05820105820106,2.14583333333333
2013,udle_fang,UDInfolabWEB2,247,1000,866,134,1.08459869848156,2.39285714285714
2013,udle_fang,UDInfolabWEB2,248,1000,902,98,1.05820105820106,2.27906976744186
2013,udle_fang,UDInfolabWEB2,249,1000,591,409,1.3986013986014,3.29838709677419
2013,udle_fang,UDInfolabWEB2,250,1000,700,300,1.19904076738609,2.23880597014925
2013,UJS,UJS13LCRAd1,201,1000,1000,0,1,
2013,UJS,UJS13LCRAd1,202,1000,1000,0,1,
2013,UJS,UJS13LCRAd1,203,1000,1000,0,1,
2013,UJS,UJS13LCRAd1,204,1000,1000,0,1,
2013,UJS,UJS13LCRAd1,205,1000,1000,0,1,
2013,UJS,UJS13LCRAd1,206,1000,1000,0,1,
2013,UJS,UJS13LCRAd1,207,1000,1000,0,1,
2013,UJS,UJS13LCRAd1,208,1000,1000,0,1,
2013,UJS,UJS13LCRAd1,209,1000,1000,0,1,
2013,UJS,UJS13LCRAd1,210,1000,1000,0,1,
2013,UJS,UJS13LCRAd1,211,1000,1000,0,1,
2013,UJS,UJS13LCRAd1,212,1000,1000,0,1,
2013,UJS,UJS13LCRAd1,213,1000,1000,0,1,
2013,UJS,UJS13LCRAd1,214,1000,1000,0,1,
2013,UJS,UJS13LCRAd1,215,1000,1000,0,1,
2013,UJS,UJS13LCRAd1,216,1000,1000,0,1,
2013,UJS,UJS13LCRAd1,217,1000,1000,0,1,
2013,UJS,UJS13LCRAd1,218,1000,1000,0,1,
2013,UJS,UJS13LCRAd1,219,1000,1000,0,1,
2013,UJS,UJS13LCRAd1,220,1000,1000,0,1,
2013,UJS,UJS13LCRAd1,221,1000,1000,0,1,
2013,UJS,UJS13LCRAd1,222,1000,1000,0,1,
2013,UJS,UJS13LCRAd1,223,1000,1000,0,1,
2013,UJS,UJS13LCRAd1,224,1000,1000,0,1,
2013,UJS,UJS13LCRAd1,225,1000,1000,0,1,
2013,UJS,UJS13LCRAd1,226,1000,1000,0,1,
2013,UJS,UJS13LCRAd1,227,1000,1000,0,1,
2013,UJS,UJS13LCRAd1,228,1000,1000,0,1,
2013,UJS,UJS13LCRAd1,229,1000,1000,0,1,
2013,UJS,UJS13LCRAd1,230,1000,1000,0,1,
2013,UJS,UJS13LCRAd1,231,1000,1000,0,1,
2013,UJS,UJS13LCRAd1,232,1000,1000,0,1,
2013,UJS,UJS13LCRAd1,233,1000,1000,0,1,
2013,UJS,UJS13LCRAd1,234,1000,1000,0,1,
2013,UJS,UJS13LCRAd1,235,1000,1000,0,1,
2013,UJS,UJS13LCRAd1,236,1000,1000,0,1,
2013,UJS,UJS13LCRAd1,237,1000,1000,0,1,
2013,UJS,UJS13LCRAd1,238,1000,1000,0,1,
2013,UJS,UJS13LCRAd1,239,1000,1000,0,1,
2013,UJS,UJS13LCRAd1,240,1000,1000,0,1,
2013,UJS,UJS13LCRAd1,241,1000,1000,0,1,
2013,UJS,UJS13LCRAd1,242,1000,1000,0,1,
2013,UJS,UJS13LCRAd1,243,1000,1000,0,1,
2013,UJS,UJS13LCRAd1,244,1000,1000,0,1,
2013,UJS,UJS13LCRAd1,245,1000,1000,0,1,
2013,UJS,UJS13LCRAd1,246,1000,1000,0,1,
2013,UJS,UJS13LCRAd1,247,1000,1000,0,1,
2013,UJS,UJS13LCRAd1,248,1000,1000,0,1,
2013,UJS,UJS13LCRAd1,249,1000,1000,0,1,
2013,UJS,UJS13LCRAd1,250,1000,1000,0,1,
2013,UJS,UJS13LCRAd2,201,1000,1000,0,1,
2013,UJS,UJS13LCRAd2,202,1000,1000,0,1,
2013,UJS,UJS13LCRAd2,203,1000,1000,0,1,
2013,UJS,UJS13LCRAd2,204,1000,1000,0,1,
2013,UJS,UJS13LCRAd2,205,1000,1000,0,1,
2013,UJS,UJS13LCRAd2,206,1000,1000,0,1,
2013,UJS,UJS13LCRAd2,207,1000,1000,0,1,
2013,UJS,UJS13LCRAd2,208,1000,1000,0,1,
2013,UJS,UJS13LCRAd2,209,1000,1000,0,1,
2013,UJS,UJS13LCRAd2,210,1000,1000,0,1,
2013,UJS,UJS13LCRAd2,211,1000,1000,0,1,
2013,UJS,UJS13LCRAd2,212,1000,1000,0,1,
2013,UJS,UJS13LCRAd2,213,1000,1000,0,1,
2013,UJS,UJS13LCRAd2,214,1000,1000,0,1,
2013,UJS,UJS13LCRAd2,215,1000,1000,0,1,
2013,UJS,UJS13LCRAd2,216,1000,1000,0,1,
2013,UJS,UJS13LCRAd2,217,1000,1000,0,1,
2013,UJS,UJS13LCRAd2,218,1000,1000,0,1,
2013,UJS,UJS13LCRAd2,219,1000,1000,0,1,
2013,UJS,UJS13LCRAd2,220,1000,1000,0,1,
2013,UJS,UJS13LCRAd2,221,1000,1000,0,1,
2013,UJS,UJS13LCRAd2,222,1000,1000,0,1,
2013,UJS,UJS13LCRAd2,223,1000,1000,0,1,
2013,UJS,UJS13LCRAd2,224,1000,1000,0,1,
2013,UJS,UJS13LCRAd2,225,1000,1000,0,1,
2013,UJS,UJS13LCRAd2,226,1000,1000,0,1,
2013,UJS,UJS13LCRAd2,227,1000,1000,0,1,
2013,UJS,UJS13LCRAd2,228,1000,1000,0,1,
2013,UJS,UJS13LCRAd2,229,1000,1000,0,1,
2013,UJS,UJS13LCRAd2,230,1000,1000,0,1,
2013,UJS,UJS13LCRAd2,231,1000,1000,0,1,
2013,UJS,UJS13LCRAd2,232,1000,1000,0,1,
2013,UJS,UJS13LCRAd2,233,1000,1000,0,1,
2013,UJS,UJS13LCRAd2,234,1000,1000,0,1,
2013,UJS,UJS13LCRAd2,235,1000,1000,0,1,
2013,UJS,UJS13LCRAd2,236,1000,1000,0,1,
2013,UJS,UJS13LCRAd2,237,1000,1000,0,1,
2013,UJS,UJS13LCRAd2,238,1000,1000,0,1,
2013,UJS,UJS13LCRAd2,239,1000,1000,0,1,
2013,UJS,UJS13LCRAd2,240,1000,1000,0,1,
2013,UJS,UJS13LCRAd2,241,1000,1000,0,1,
2013,UJS,UJS13LCRAd2,242,1000,1000,0,1,
2013,UJS,UJS13LCRAd2,243,1000,1000,0,1,
2013,UJS,UJS13LCRAd2,244,1000,1000,0,1,
2013,UJS,UJS13LCRAd2,245,1000,1000,0,1,
2013,UJS,UJS13LCRAd2,246,1000,1000,0,1,
2013,UJS,UJS13LCRAd2,247,1000,1000,0,1,
2013,UJS,UJS13LCRAd2,248,1000,1000,0,1,
2013,UJS,UJS13LCRAd2,249,1000,1000,0,1,
2013,UJS,UJS13LCRAd2,250,1000,1000,0,1,
2013,Technion,clustmrfaf,201,1000,1000,0,1,
2013,Technion,clustmrfaf,202,1000,1000,0,1,
2013,Technion,clustmrfaf,203,1000,1000,0,1,
2013,Technion,clustmrfaf,204,1000,1000,0,1,
2013,Technion,clustmrfaf,205,1000,1000,0,1,
2013,Technion,clustmrfaf,206,1000,1000,0,1,
2013,Technion,clustmrfaf,207,1000,1000,0,1,
2013,Technion,clustmrfaf,208,1000,1000,0,1,
2013,Technion,clustmrfaf,209,1000,1000,0,1,
2013,Technion,clustmrfaf,210,1000,1000,0,1,
2013,Technion,clustmrfaf,211,1000,1000,0,1,
2013,Technion,clustmrfaf,212,1000,1000,0,1,
2013,Technion,clustmrfaf,213,1000,1000,0,1,
2013,Technion,clustmrfaf,214,1000,1000,0,1,
2013,Technion,clustmrfaf,215,1000,1000,0,1,
2013,Technion,clustmrfaf,216,1000,1000,0,1,
2013,Technion,clustmrfaf,217,1000,1000,0,1,
2013,Technion,clustmrfaf,218,1000,1000,0,1,
2013,Technion,clustmrfaf,219,1000,1000,0,1,
2013,Technion,clustmrfaf,220,1000,1000,0,1,
2013,Technion,clustmrfaf,221,1000,1000,0,1,
2013,Technion,clustmrfaf,222,1000,1000,0,1,
2013,Technion,clustmrfaf,223,1000,1000,0,1,
2013,Technion,clustmrfaf,224,1000,1000,0,1,
2013,Technion,clustmrfaf,225,1000,1000,0,1,
2013,Technion,clustmrfaf,226,1000,1000,0,1,
2013,Technion,clustmrfaf,227,1000,1000,0,1,
2013,Technion,clustmrfaf,228,1000,1000,0,1,
2013,Technion,clustmrfaf,229,1000,1000,0,1,
2013,Technion,clustmrfaf,230,1000,1000,0,1,
2013,Technion,clustmrfaf,231,1000,1000,0,1,
2013,Technion,clustmrfaf,232,1000,1000,0,1,
2013,Technion,clustmrfaf,233,1000,1000,0,1,
2013,Technion,clustmrfaf,234,1000,1000,0,1,
2013,Technion,clustmrfaf,235,1000,1000,0,1,
2013,Technion,clustmrfaf,236,1000,1000,0,1,
2013,Technion,clustmrfaf,237,1000,1000,0,1,
2013,Technion,clustmrfaf,238,1000,1000,0,1,
2013,Technion,clustmrfaf,239,1000,1000,0,1,
2013,Technion,clustmrfaf,240,1000,1000,0,1,
2013,Technion,clustmrfaf,241,1000,1000,0,1,
2013,Technion,clustmrfaf,242,1000,1000,0,1,
2013,Technion,clustmrfaf,243,1000,1000,0,1,
2013,Technion,clustmrfaf,244,1000,1000,0,1,
2013,Technion,clustmrfaf,245,1000,1000,0,1,
2013,Technion,clustmrfaf,246,1000,1000,0,1,
2013,Technion,clustmrfaf,247,1000,1000,0,1,
2013,Technion,clustmrfaf,248,1000,1000,0,1,
2013,Technion,clustmrfaf,249,1000,1000,0,1,
2013,Technion,clustmrfaf,250,1000,1000,0,1,
2013,Technion,clustmrfbf,201,1000,1000,0,1,
2013,Technion,clustmrfbf,202,1000,1000,0,1,
2013,Technion,clustmrfbf,203,1000,1000,0,1,
2013,Technion,clustmrfbf,204,1000,1000,0,1,
2013,Technion,clustmrfbf,205,1000,1000,0,1,
2013,Technion,clustmrfbf,206,1000,1000,0,1,
2013,Technion,clustmrfbf,207,1000,1000,0,1,
2013,Technion,clustmrfbf,208,1000,1000,0,1,
2013,Technion,clustmrfbf,209,1000,1000,0,1,
2013,Technion,clustmrfbf,210,1000,1000,0,1,
2013,Technion,clustmrfbf,211,1000,1000,0,1,
2013,Technion,clustmrfbf,212,1000,1000,0,1,
2013,Technion,clustmrfbf,213,1000,1000,0,1,
2013,Technion,clustmrfbf,214,1000,1000,0,1,
2013,Technion,clustmrfbf,215,1000,1000,0,1,
2013,Technion,clustmrfbf,216,1000,1000,0,1,
2013,Technion,clustmrfbf,217,1000,1000,0,1,
2013,Technion,clustmrfbf,218,1000,1000,0,1,
2013,Technion,clustmrfbf,219,1000,1000,0,1,
2013,Technion,clustmrfbf,220,1000,1000,0,1,
2013,Technion,clustmrfbf,221,1000,1000,0,1,
2013,Technion,clustmrfbf,222,1000,1000,0,1,
2013,Technion,clustmrfbf,223,1000,1000,0,1,
2013,Technion,clustmrfbf,224,1000,1000,0,1,
2013,Technion,clustmrfbf,225,1000,1000,0,1,
2013,Technion,clustmrfbf,226,1000,1000,0,1,
2013,Technion,clustmrfbf,227,1000,1000,0,1,
2013,Technion,clustmrfbf,228,1000,1000,0,1,
2013,Technion,clustmrfbf,229,1000,1000,0,1,
2013,Technion,clustmrfbf,230,1000,1000,0,1,
2013,Technion,clustmrfbf,231,1000,1000,0,1,
2013,Technion,clustmrfbf,232,1000,1000,0,1,
2013,Technion,clustmrfbf,233,1000,1000,0,1,
2013,Technion,clustmrfbf,234,1000,1000,0,1,
2013,Technion,clustmrfbf,235,1000,1000,0,1,
2013,Technion,clustmrfbf,236,1000,1000,0,1,
2013,Technion,clustmrfbf,237,1000,1000,0,1,
2013,Technion,clustmrfbf,238,1000,1000,0,1,
2013,Technion,clustmrfbf,239,1000,1000,0,1,
2013,Technion,clustmrfbf,240,1000,1000,0,1,
2013,Technion,clustmrfbf,241,1000,1000,0,1,
2013,Technion,clustmrfbf,242,1000,1000,0,1,
2013,Technion,clustmrfbf,243,1000,1000,0,1,
2013,Technion,clustmrfbf,244,1000,1000,0,1,
2013,Technion,clustmrfbf,245,1000,1000,0,1,
2013,Technion,clustmrfbf,246,1000,1000,0,1,
2013,Technion,clustmrfbf,247,1000,1000,0,1,
2013,Technion,clustmrfbf,248,1000,1000,0,1,
2013,Technion,clustmrfbf,249,1000,1000,0,1,
2013,Technion,clustmrfbf,250,1000,1000,0,1,
2013,CWI,cwiwt13cpe,201,1000,703,297,1.21506682867558,2.475
2013,CWI,cwiwt13cpe,202,1000,828,172,1.11111111111111,2.38888888888889
2013,CWI,cwiwt13cpe,203,1000,787,213,1.18203309692671,3.61016949152542
2013,CWI,cwiwt13cpe,204,1000,832,168,1.11234705228031,2.50746268656716
2013,CWI,cwiwt13cpe,205,1000,835,165,1.12233445566779,2.94642857142857
2013,CWI,cwiwt13cpe,206,1000,727,273,1.21065375302663,2.75757575757576
2013,CWI,cwiwt13cpe,207,1000,768,232,1.17370892018779,2.76190476190476
2013,CWI,cwiwt13cpe,208,1000,814,186,1.1441647597254,3.1
2013,CWI,cwiwt13cpe,209,1000,877,123,1.0752688172043,2.32075471698113
2013,CWI,cwiwt13cpe,210,1000,882,118,1.07758620689655,2.56521739130435
2013,CWI,cwiwt13cpe,211,1000,842,158,1.09769484083425,2.28985507246377
2013,CWI,cwiwt13cpe,212,1000,986,14,1.00704934541793,2
2013,CWI,cwiwt13cpe,213,1000,956,44,1.02669404517454,2.44444444444444
2013,CWI,cwiwt13cpe,214,1000,864,136,1.08459869848156,2.3448275862069
2013,CWI,cwiwt13cpe,215,1000,791,209,1.12739571589628,2.17708333333333
2013,CWI,cwiwt13cpe,216,1000,866,134,1.08108108108108,2.27118644067797
2013,CWI,cwiwt13cpe,217,1000,844,156,1.09170305676856,2.16666666666667
2013,CWI,cwiwt13cpe,218,1000,914,86,1.05042016806723,2.26315789473684
2013,CWI,cwiwt13cpe,219,1000,839,161,1.12866817155756,3.42553191489362
2013,CWI,cwiwt13cpe,220,1000,620,380,1.54083204930663,13.1034482758621
2013,CWI,cwiwt13cpe,221,1000,649,351,1.40252454417952,5.484375
2013,CWI,cwiwt13cpe,222,1000,724,276,1.17924528301887,2.2258064516129
2013,CWI,cwiwt13cpe,223,1000,864,136,1.0989010989011,2.95652173913043
2013,CWI,cwiwt13cpe,224,1000,796,204,1.13378684807256,2.37209302325581
2013,CWI,cwiwt13cpe,225,1000,840,160,1.10864745011086,2.58064516129032
2013,CWI,cwiwt13cpe,226,1000,830,170,1.13507377979569,3.33333333333333
2013,CWI,cwiwt13cpe,227,1000,977,23,1.01214574898785,2.09090909090909
2013,CWI,cwiwt13cpe,228,1000,849,151,1.10619469026549,2.74545454545455
2013,CWI,cwiwt13cpe,229,1000,873,127,1.09769484083425,3.34210526315789
2013,CWI,cwiwt13cpe,230,1000,899,101,1.07066381156317,2.88571428571429
2013,CWI,cwiwt13cpe,231,1000,861,139,1.08932461873638,2.43859649122807
2013,CWI,cwiwt13cpe,232,1000,634,366,1.38121546961326,4.06666666666667
2013,CWI,cwiwt13cpe,233,1000,927,73,1.04602510460251,2.51724137931035
2013,CWI,cwiwt13cpe,234,1000,787,213,1.19760479041916,4.4375
2013,CWI,cwiwt13cpe,235,1000,880,120,1.09289617486339,3.42857142857143
2013,CWI,cwiwt13cpe,236,1000,906,94,1.05820105820106,2.41025641025641
2013,CWI,cwiwt13cpe,237,1000,852,148,1.09529025191676,2.42622950819672
2013,CWI,cwiwt13cpe,238,1000,672,328,1.31752305665349,3.77011494252874
2013,CWI,cwiwt13cpe,239,1000,426,574,1.64473684210526,3.15384615384615
2013,CWI,cwiwt13cpe,240,1000,808,192,1.16009280742459,3.55555555555556
2013,CWI,cwiwt13cpe,241,1000,365,635,2.51256281407035,19.2424242424242
2013,CWI,cwiwt13cpe,242,1000,788,212,1.18906064209275,4
2013,CWI,cwiwt13cpe,243,1000,687,313,1.27064803049555,3.13
2013,CWI,cwiwt13cpe,244,1000,873,127,1.07874865156419,2.35185185185185
2013,CWI,cwiwt13cpe,245,1000,672,328,1.3262599469496,4
2013,CWI,cwiwt13cpe,246,1000,628,372,1.36612021857924,3.57692307692308
2013,CWI,cwiwt13cpe,247,1000,645,355,1.36798905608755,4.12790697674419
2013,CWI,cwiwt13cpe,248,1000,750,250,1.17647058823529,2.5
2013,CWI,cwiwt13cpe,249,1000,877,123,1.08695652173913,2.86046511627907
2013,CWI,cwiwt13cpe,250,1000,582,418,1.44717800289436,3.8348623853211
2013,CWI,cwiwt13cps,201,1000,703,297,1.21506682867558,2.475
2013,CWI,cwiwt13cps,202,1000,828,172,1.11111111111111,2.38888888888889
2013,CWI,cwiwt13cps,203,1000,847,153,1.11358574610245,3
2013,CWI,cwiwt13cps,204,1000,819,181,1.11482720178372,2.32051282051282
2013,CWI,cwiwt13cps,205,1000,835,165,1.12233445566779,2.94642857142857
2013,CWI,cwiwt13cps,206,1000,727,273,1.21065375302663,2.75757575757576
2013,CWI,cwiwt13cps,207,1000,768,232,1.17370892018779,2.76190476190476
2013,CWI,cwiwt13cps,208,1000,814,186,1.1441647597254,3.1
2013,CWI,cwiwt13cps,209,1000,877,123,1.0752688172043,2.32075471698113
2013,CWI,cwiwt13cps,210,1000,882,118,1.07758620689655,2.56521739130435
2013,CWI,cwiwt13cps,211,1000,734,266,1.27877237851662,5.54166666666667
2013,CWI,cwiwt13cps,212,1000,986,14,1.00704934541793,2
2013,CWI,cwiwt13cps,213,1000,956,44,1.02669404517454,2.44444444444444
2013,CWI,cwiwt13cps,214,1000,864,136,1.08459869848156,2.3448275862069
2013,CWI,cwiwt13cps,215,1000,791,209,1.12739571589628,2.17708333333333
2013,CWI,cwiwt13cps,216,1000,866,134,1.08108108108108,2.27118644067797
2013,CWI,cwiwt13cps,217,1000,844,156,1.09170305676856,2.16666666666667
2013,CWI,cwiwt13cps,218,1000,914,86,1.05042016806723,2.26315789473684
2013,CWI,cwiwt13cps,219,1000,863,137,1.10253583241455,3.11363636363636
2013,CWI,cwiwt13cps,220,1000,620,380,1.54083204930663,13.1034482758621
2013,CWI,cwiwt13cps,221,1000,649,351,1.40252454417952,5.484375
2013,CWI,cwiwt13cps,222,1000,724,276,1.17924528301887,2.2258064516129
2013,CWI,cwiwt13cps,223,1000,864,136,1.0989010989011,2.95652173913043
2013,CWI,cwiwt13cps,224,1000,800,200,1.13378684807256,2.4390243902439
2013,CWI,cwiwt13cps,225,1000,916,84,1.04602510460251,2.1
2013,CWI,cwiwt13cps,226,1000,830,170,1.13507377979569,3.33333333333333
2013,CWI,cwiwt13cps,227,1000,968,32,1.0183299389002,2.28571428571429
2013,CWI,cwiwt13cps,228,1000,849,151,1.10619469026549,2.74545454545455
2013,CWI,cwiwt13cps,229,1000,873,127,1.09769484083425,3.34210526315789
2013,CWI,cwiwt13cps,230,1000,899,101,1.07066381156317,2.88571428571429
2013,CWI,cwiwt13cps,231,1000,855,145,1.09289617486339,2.41666666666667
2013,CWI,cwiwt13cps,232,1000,754,246,1.21506682867558,3.56521739130435
2013,CWI,cwiwt13cps,233,1000,927,73,1.04602510460251,2.51724137931035
2013,CWI,cwiwt13cps,234,1000,787,213,1.19760479041916,4.4375
2013,CWI,cwiwt13cps,235,1000,880,120,1.09289617486339,3.42857142857143
2013,CWI,cwiwt13cps,236,1000,901,99,1.05932203389831,2.30232558139535
2013,CWI,cwiwt13cps,237,1000,849,151,1.09649122807018,2.3968253968254
2013,CWI,cwiwt13cps,238,1000,672,328,1.31752305665349,3.77011494252874
2013,CWI,cwiwt13cps,239,1000,426,574,1.64473684210526,3.15384615384615
2013,CWI,cwiwt13cps,240,1000,808,192,1.16009280742459,3.55555555555556
2013,CWI,cwiwt13cps,241,1000,841,159,1.10497237569061,2.484375
2013,CWI,cwiwt13cps,242,1000,788,212,1.18906064209275,4
2013,CWI,cwiwt13cps,243,1000,687,313,1.27064803049555,3.13
2013,CWI,cwiwt13cps,244,1000,884,116,1.07181136120043,2.36734693877551
2013,CWI,cwiwt13cps,245,1000,672,328,1.3262599469496,4
2013,CWI,cwiwt13cps,246,1000,630,370,1.36425648021828,3.59223300970874
2013,CWI,cwiwt13cps,247,1000,648,352,1.3531799729364,3.86813186813187
2013,CWI,cwiwt13cps,248,1000,750,250,1.17647058823529,2.5
2013,CWI,cwiwt13cps,249,1000,877,123,1.08695652173913,2.86046511627907
2013,CWI,cwiwt13cps,250,1000,589,411,1.4367816091954,3.8411214953271
2013,CWI,cwiwt13kld,201,1000,699,301,1.21654501216545,2.44715447154472
2013,CWI,cwiwt13kld,202,1000,784,216,1.15740740740741,2.7
2013,CWI,cwiwt13kld,203,1000,752,248,1.21212121212121,3.3972602739726
2013,CWI,cwiwt13kld,204,1000,861,139,1.08813928182807,2.39655172413793
2013,CWI,cwiwt13kld,205,1000,830,170,1.11234705228031,2.46376811594203
2013,CWI,cwiwt13kld,206,1000,715,285,1.22100122100122,2.74038461538462
2013,CWI,cwiwt13kld,207,1000,768,232,1.17647058823529,2.82926829268293
2013,CWI,cwiwt13kld,208,1000,788,212,1.16959064327485,3.16417910447761
2013,CWI,cwiwt13kld,209,1000,898,102,1.05708245243129,2.125
2013,CWI,cwiwt13kld,210,1000,666,334,1.25470514429109,2.54961832061069
2013,CWI,cwiwt13kld,211,1000,842,158,1.09769484083425,2.28985507246377
2013,CWI,cwiwt13kld,212,1000,980,20,1.01010101010101,2
2013,CWI,cwiwt13kld,213,1000,972,28,1.01626016260163,2.33333333333333
2013,CWI,cwiwt13kld,214,1000,813,187,1.12739571589628,2.52702702702703
2013,CWI,cwiwt13kld,215,1000,708,292,1.20192307692308,2.35483870967742
2013,CWI,cwiwt13kld,216,1000,912,88,1.05042016806723,2.2
2013,CWI,cwiwt13kld,217,1000,824,176,1.11856823266219,2.51428571428571
2013,CWI,cwiwt13kld,218,1000,879,121,1.0752688172043,2.37254901960784
2013,CWI,cwiwt13kld,219,1000,557,443,1.42247510668563,3.03424657534247
2013,CWI,cwiwt13kld,220,1000,641,359,1.49700598802395,13.2962962962963
2013,CWI,cwiwt13kld,221,1000,709,291,1.27388535031847,3.82894736842105
2013,CWI,cwiwt13kld,222,1000,632,368,1.24843945068664,2.17751479289941
2013,CWI,cwiwt13kld,223,1000,856,144,1.1001100110011,2.71698113207547
2013,CWI,cwiwt13kld,224,1000,736,264,1.21359223300971,3
2013,CWI,cwiwt13kld,225,1000,523,477,1.6366612111293,5.42045454545455
2013,CWI,cwiwt13kld,226,1000,839,161,1.12994350282486,3.5
2013,CWI,cwiwt13kld,227,1000,983,17,1.00908173562059,2.125
2013,CWI,cwiwt13kld,228,1000,841,159,1.11234705228031,2.74137931034483
2013,CWI,cwiwt13kld,229,1000,800,200,1.16009280742459,3.2258064516129
2013,CWI,cwiwt13kld,230,1000,915,85,1.06157112526539,3.14814814814815
2013,CWI,cwiwt13kld,231,1000,863,137,1.08459869848156,2.32203389830509
2013,CWI,cwiwt13kld,232,1000,847,153,1.11856823266219,3.25531914893617
2013,CWI,cwiwt13kld,233,1000,897,103,1.0752688172043,3.12121212121212
2013,CWI,cwiwt13kld,234,1000,871,129,1.09289617486339,2.93181818181818
2013,CWI,cwiwt13kld,235,1000,874,126,1.09649122807018,3.31578947368421
2013,CWI,cwiwt13kld,236,1000,886,114,1.06951871657754,2.3265306122449
2013,CWI,cwiwt13kld,237,1000,744,256,1.19189511323004,2.69473684210526
2013,CWI,cwiwt13kld,238,1000,758,242,1.21212121212121,3.61194029850746
2013,CWI,cwiwt13kld,239,1000,240,760,3.09597523219814,9.1566265060241
2013,CWI,cwiwt13kld,240,1000,768,232,1.18623962040332,3.09333333333333
2013,CWI,cwiwt13kld,241,1000,365,635,2.51256281407035,19.2424242424242
2013,CWI,cwiwt13kld,242,1000,543,457,1.56985871271586,4.86170212765958
2013,CWI,cwiwt13kld,243,1000,693,307,1.27064803049555,3.26595744680851
2013,CWI,cwiwt13kld,244,1000,850,150,1.10987791342952,2.94117647058824
2013,CWI,cwiwt13kld,245,1000,671,329,1.32978723404255,4.06172839506173
2013,CWI,cwiwt13kld,246,1000,969,31,1.01729399796541,2.21428571428571
2013,CWI,cwiwt13kld,247,1000,645,355,1.36798905608755,4.12790697674419
2013,CWI,cwiwt13kld,248,1000,741,259,1.18623962040332,2.53921568627451
2013,CWI,cwiwt13kld,249,1000,873,127,1.09051254089422,2.88636363636364
2013,CWI,cwiwt13kld,250,1000,522,478,1.58730158730159,4.42592592592593
2013,DLDE,dlde,201,1000,763,237,1.19617224880383,3.24657534246575
2013,DLDE,dlde,202,1000,649,351,1.32275132275132,3.2803738317757
2013,DLDE,dlde,203,1000,827,173,1.13378684807256,3.14545454545455
2013,DLDE,dlde,204,1000,839,161,1.12994350282486,3.5
2013,DLDE,dlde,205,1000,916,84,1.06496272630458,3.65217391304348
2013,DLDE,dlde,206,1000,808,192,1.17233294255569,4.26666666666667
2013,DLDE,dlde,207,1000,929,71,1.04602510460251,2.62962962962963
2013,DLDE,dlde,208,1000,866,134,1.09649122807018,2.91304347826087
2013,DLDE,dlde,209,1000,738,262,1.27877237851662,5.95454545454545
2013,DLDE,dlde,210,1000,750,250,1.21065375302663,3.28947368421053
2013,DLDE,dlde,211,1000,876,124,1.07991360691145,2.48
2013,DLDE,dlde,212,1000,737,263,1.2453300124533,3.98484848484849
2013,DLDE,dlde,213,1000,833,167,1.13122171945701,3.27450980392157
2013,DLDE,dlde,214,1000,712,288,1.25944584382872,3.51219512195122
2013,DLDE,dlde,215,1000,823,177,1.12866817155756,2.80952380952381
2013,DLDE,dlde,216,1000,851,149,1.11111111111111,3.04081632653061
2013,DLDE,dlde,217,1000,802,198,1.15874855156431,3.24590163934426
2013,DLDE,dlde,218,1000,479,521,1.7636684303351,5.92045454545455
2013,DLDE,dlde,219,1000,698,302,1.28369704749679,3.7283950617284
2013,DLDE,dlde,220,1000,729,271,1.26103404791929,4.234375
2013,DLDE,dlde,221,1000,828,172,1.13895216400911,3.44
2013,DLDE,dlde,222,1000,872,128,1.09051254089422,2.84444444444444
2013,DLDE,dlde,223,1000,693,307,1.25470514429109,2.95192307692308
2013,DLDE,dlde,224,1000,759,241,1.19331742243437,3.05063291139241
2013,DLDE,dlde,225,1000,900,100,1.06837606837607,2.77777777777778
2013,DLDE,dlde,226,1000,759,241,1.22549019607843,4.2280701754386
2013,DLDE,dlde,227,1000,880,120,1.07874865156419,2.5531914893617
2013,DLDE,dlde,228,6,6,0,1,
2013,DLDE,dlde,229,1000,839,161,1.13122171945701,3.57777777777778
2013,DLDE,dlde,230,1000,833,167,1.11607142857143,2.65079365079365
2013,DLDE,dlde,231,1000,840,160,1.12739571589628,3.40425531914894
2013,DLDE,dlde,232,1000,866,134,1.08932461873638,2.57692307692308
2013,DLDE,dlde,233,1000,802,198,1.15874855156431,3.24590163934426
2013,DLDE,dlde,234,1000,956,44,1.02459016393443,2.2
2013,DLDE,dlde,235,1000,889,111,1.07991360691145,3
2013,DLDE,dlde,236,1000,974,26,1.01317122593718,2
2013,DLDE,dlde,237,1000,830,170,1.14285714285714,3.77777777777778
2013,DLDE,dlde,238,1000,886,114,1.06837606837607,2.28
2013,DLDE,dlde,239,1000,835,165,1.12994350282486,3.3
2013,DLDE,dlde,240,1000,818,182,1.13122171945701,2.75757575757576
2013,DLDE,dlde,241,1000,786,214,1.18203309692671,3.56666666666667
2013,DLDE,dlde,242,1000,931,69,1.04384133611691,2.55555555555556
2013,DLDE,dlde,243,1000,709,291,1.27226463104326,3.77922077922078
2013,DLDE,dlde,244,1000,907,93,1.06723585912487,3.1
2013,DLDE,dlde,245,1000,746,254,1.25470514429109,4.98039215686275
2013,DLDE,dlde,246,1000,903,97,1.06496272630458,2.69444444444444
2013,DLDE,dlde,247,1000,684,316,1.31233595800525,4.05128205128205
2013,DLDE,dlde,248,1000,825,175,1.13378684807256,3.07017543859649
2013,DLDE,dlde,249,1000,883,117,1.08108108108108,2.78571428571429
2013,DLDE,dlde,250,1000,744,256,1.2453300124533,4.33898305084746
2013,Technion,mmrbf,201,1000,1000,0,1,
2013,Technion,mmrbf,202,1000,1000,0,1,
2013,Technion,mmrbf,203,1000,1000,0,1,
2013,Technion,mmrbf,204,1000,1000,0,1,
2013,Technion,mmrbf,205,1000,1000,0,1,
2013,Technion,mmrbf,206,1000,1000,0,1,
2013,Technion,mmrbf,207,1000,1000,0,1,
2013,Technion,mmrbf,208,1000,1000,0,1,
2013,Technion,mmrbf,209,1000,1000,0,1,
2013,Technion,mmrbf,210,1000,1000,0,1,
2013,Technion,mmrbf,211,1000,1000,0,1,
2013,Technion,mmrbf,212,1000,1000,0,1,
2013,Technion,mmrbf,213,1000,1000,0,1,
2013,Technion,mmrbf,214,1000,1000,0,1,
2013,Technion,mmrbf,215,1000,1000,0,1,
2013,Technion,mmrbf,216,1000,1000,0,1,
2013,Technion,mmrbf,217,1000,1000,0,1,
2013,Technion,mmrbf,218,1000,1000,0,1,
2013,Technion,mmrbf,219,1000,1000,0,1,
2013,Technion,mmrbf,220,1000,1000,0,1,
2013,Technion,mmrbf,221,1000,1000,0,1,
2013,Technion,mmrbf,222,1000,1000,0,1,
2013,Technion,mmrbf,223,1000,1000,0,1,
2013,Technion,mmrbf,224,1000,1000,0,1,
2013,Technion,mmrbf,225,1000,1000,0,1,
2013,Technion,mmrbf,226,1000,1000,0,1,
2013,Technion,mmrbf,227,1000,1000,0,1,
2013,Technion,mmrbf,228,1000,1000,0,1,
2013,Technion,mmrbf,229,1000,1000,0,1,
2013,Technion,mmrbf,230,1000,1000,0,1,
2013,Technion,mmrbf,231,1000,1000,0,1,
2013,Technion,mmrbf,232,1000,1000,0,1,
2013,Technion,mmrbf,233,1000,1000,0,1,
2013,Technion,mmrbf,234,1000,1000,0,1,
2013,Technion,mmrbf,235,1000,1000,0,1,
2013,Technion,mmrbf,236,1000,1000,0,1,
2013,Technion,mmrbf,237,1000,1000,0,1,
2013,Technion,mmrbf,238,1000,1000,0,1,
2013,Technion,mmrbf,239,1000,1000,0,1,
2013,Technion,mmrbf,240,1000,1000,0,1,
2013,Technion,mmrbf,241,1000,1000,0,1,
2013,Technion,mmrbf,242,1000,1000,0,1,
2013,Technion,mmrbf,243,1000,1000,0,1,
2013,Technion,mmrbf,244,1000,1000,0,1,
2013,Technion,mmrbf,245,1000,1000,0,1,
2013,Technion,mmrbf,246,1000,1000,0,1,
2013,Technion,mmrbf,247,1000,1000,0,1,
2013,Technion,mmrbf,248,1000,1000,0,1,
2013,Technion,mmrbf,249,1000,1000,0,1,
2013,Technion,mmrbf,250,1000,1000,0,1,
2013,MSR_Redmond,msr_alpha0,201,291,252,39,1.07380073800738,2.05263157894737
2013,MSR_Redmond,msr_alpha0,202,340,312,28,1.04294478527607,2
2013,MSR_Redmond,msr_alpha0,203,174,127,47,1.26086956521739,4.27272727272727
2013,MSR_Redmond,msr_alpha0,204,405,310,95,1.14730878186969,2.2093023255814
2013,MSR_Redmond,msr_alpha0,205,358,282,76,1.13650793650794,2.3030303030303
2013,MSR_Redmond,msr_alpha0,206,87,69,18,1.20833333333333,6
2013,MSR_Redmond,msr_alpha0,207,207,179,28,1.07253886010363,2
2013,MSR_Redmond,msr_alpha0,208,192,171,21,1.09090909090909,4.2
2013,MSR_Redmond,msr_alpha0,209,658,595,63,1.0528,2.1
2013,MSR_Redmond,msr_alpha0,210,118,109,9,1.04424778761062,2.25
2013,MSR_Redmond,msr_alpha0,211,246,190,56,1.13888888888889,2.15384615384615
2013,MSR_Redmond,msr_alpha0,212,2,2,0,1,
2013,MSR_Redmond,msr_alpha0,213,64,56,8,1.08474576271186,2.66666666666667
2013,MSR_Redmond,msr_alpha0,214,402,297,105,1.23692307692308,3.75
2013,MSR_Redmond,msr_alpha0,215,688,597,91,1.07668231611894,2.16666666666667
2013,MSR_Redmond,msr_alpha0,216,40,33,7,1.11111111111111,2.33333333333333
2013,MSR_Redmond,msr_alpha0,217,104,85,19,1.11827956989247,2.375
2013,MSR_Redmond,msr_alpha0,218,61,58,3,1.03389830508475,3
2013,MSR_Redmond,msr_alpha0,219,71,65,6,1.04411764705882,2
2013,MSR_Redmond,msr_alpha0,220,31,27,4,1.06896551724138,2
2013,MSR_Redmond,msr_alpha0,221,489,452,37,1.04264392324094,2.17647058823529
2013,MSR_Redmond,msr_alpha0,222,143,113,30,1.1259842519685,2.14285714285714
2013,MSR_Redmond,msr_alpha0,223,322,287,35,1.07692307692308,2.91666666666667
2013,MSR_Redmond,msr_alpha0,224,117,115,2,1.00862068965517,2
2013,MSR_Redmond,msr_alpha0,225,114,94,20,1.10679611650485,2.22222222222222
2013,MSR_Redmond,msr_alpha0,226,163,141,22,1.08666666666667,2.44444444444444
2013,MSR_Redmond,msr_alpha0,227,50,40,10,1.11111111111111,2
2013,MSR_Redmond,msr_alpha0,228,508,453,55,1.05833333333333,2.03703703703704
2013,MSR_Redmond,msr_alpha0,229,88,88,0,1,
2013,MSR_Redmond,msr_alpha0,230,47,47,0,1,
2013,MSR_Redmond,msr_alpha0,231,351,294,57,1.09345794392523,2.11111111111111
2013,MSR_Redmond,msr_alpha0,232,127,115,12,1.0672268907563,3
2013,MSR_Redmond,msr_alpha0,233,97,93,4,1.02105263157895,2
2013,MSR_Redmond,msr_alpha0,234,179,165,14,1.05917159763314,3.5
2013,MSR_Redmond,msr_alpha0,235,127,123,4,1.016,2
2013,MSR_Redmond,msr_alpha0,236,287,235,52,1.12992125984252,2.73684210526316
2013,MSR_Redmond,msr_alpha0,237,444,311,133,1.22991689750693,2.66
2013,MSR_Redmond,msr_alpha0,238,112,100,12,1.06666666666667,2.4
2013,MSR_Redmond,msr_alpha0,239,823,168,655,3.82790697674419,13.936170212766
2013,MSR_Redmond,msr_alpha0,240,367,164,203,1.41153846153846,2.11458333333333
2013,MSR_Redmond,msr_alpha0,241,227,177,50,1.16410256410256,2.77777777777778
2013,MSR_Redmond,msr_alpha0,242,202,106,96,1.83636363636364,24
2013,MSR_Redmond,msr_alpha0,243,487,235,252,1.60197368421053,3.65217391304348
2013,MSR_Redmond,msr_alpha0,244,96,92,4,1.02127659574468,2
2013,MSR_Redmond,msr_alpha0,245,298,206,92,1.31277533039648,4.38095238095238
2013,MSR_Redmond,msr_alpha0,246,102,96,6,1.03030303030303,2
2013,MSR_Redmond,msr_alpha0,247,86,81,5,1.03614457831325,2.5
2013,MSR_Redmond,msr_alpha0,248,415,351,64,1.10372340425532,2.56
2013,MSR_Redmond,msr_alpha0,249,631,444,187,1.20650095602294,2.36708860759494
2013,MSR_Redmond,msr_alpha0,250,80,80,0,1,
2013,MSR_Redmond,msr_alpha0_95_4,201,295,254,41,1.07664233576642,2.05
2013,MSR_Redmond,msr_alpha0_95_4,202,339,314,25,1.0398773006135,2.08333333333333
2013,MSR_Redmond,msr_alpha0_95_4,203,131,116,15,1.08264462809917,3
2013,MSR_Redmond,msr_alpha0_95_4,204,459,358,101,1.13895781637717,2.24444444444444
2013,MSR_Redmond,msr_alpha0_95_4,205,445,351,94,1.1323155216285,2.23809523809524
2013,MSR_Redmond,msr_alpha0_95_4,206,82,62,20,1.24242424242424,5
2013,MSR_Redmond,msr_alpha0_95_4,207,94,88,6,1.03296703296703,2
2013,MSR_Redmond,msr_alpha0_95_4,208,181,174,7,1.0225988700565,2.33333333333333
2013,MSR_Redmond,msr_alpha0_95_4,209,656,589,67,1.05636070853462,2.09375
2013,MSR_Redmond,msr_alpha0_95_4,210,117,106,11,1.05405405405405,2.2
2013,MSR_Redmond,msr_alpha0_95_4,211,262,217,45,1.09623430962343,2.04545454545455
2013,MSR_Redmond,msr_alpha0_95_4,212,4,4,0,1,
2013,MSR_Redmond,msr_alpha0_95_4,213,66,58,8,1.08196721311475,2.66666666666667
2013,MSR_Redmond,msr_alpha0_95_4,214,407,291,116,1.26006191950464,3.625
2013,MSR_Redmond,msr_alpha0_95_4,215,718,519,199,1.18092105263158,2.23595505617978
2013,MSR_Redmond,msr_alpha0_95_4,216,33,26,7,1.13793103448276,2.33333333333333
2013,MSR_Redmond,msr_alpha0_95_4,217,78,55,23,1.2,2.3
2013,MSR_Redmond,msr_alpha0_95_4,218,56,53,3,1.03703703703704,3
2013,MSR_Redmond,msr_alpha0_95_4,219,25,21,4,1.08695652173913,2
2013,MSR_Redmond,msr_alpha0_95_4,220,20,18,2,1.05263157894737,2
2013,MSR_Redmond,msr_alpha0_95_4,221,395,361,34,1.05053191489362,2.26666666666667
2013,MSR_Redmond,msr_alpha0_95_4,222,116,100,16,1.07407407407407,2
2013,MSR_Redmond,msr_alpha0_95_4,223,359,318,41,1.08459214501511,3.15384615384615
2013,MSR_Redmond,msr_alpha0_95_4,224,138,108,30,1.2212389380531,6
2013,MSR_Redmond,msr_alpha0_95_4,225,119,99,20,1.11214953271028,2.5
2013,MSR_Redmond,msr_alpha0_95_4,226,159,137,22,1.08904109589041,2.44444444444444
2013,MSR_Redmond,msr_alpha0_95_4,227,106,78,28,1.17777777777778,2.33333333333333
2013,MSR_Redmond,msr_alpha0_95_4,228,518,464,54,1.05714285714286,2.07692307692308
2013,MSR_Redmond,msr_alpha0_95_4,229,90,88,2,1.01123595505618,2
2013,MSR_Redmond,msr_alpha0_95_4,230,73,73,0,1,
2013,MSR_Redmond,msr_alpha0_95_4,231,251,202,49,1.12053571428571,2.22727272727273
2013,MSR_Redmond,msr_alpha0_95_4,232,175,150,25,1.10759493670886,3.125
2013,MSR_Redmond,msr_alpha0_95_4,233,112,106,6,1.02752293577982,2
2013,MSR_Redmond,msr_alpha0_95_4,234,201,185,16,1.05789473684211,3.2
2013,MSR_Redmond,msr_alpha0_95_4,235,137,133,4,1.01481481481481,2
2013,MSR_Redmond,msr_alpha0_95_4,236,288,239,49,1.12062256809339,2.72222222222222
2013,MSR_Redmond,msr_alpha0_95_4,237,515,295,220,1.37333333333333,2.75
2013,MSR_Redmond,msr_alpha0_95_4,238,169,159,10,1.03680981595092,2.5
2013,MSR_Redmond,msr_alpha0_95_4,239,830,171,659,3.77272727272727,13.4489795918367
2013,MSR_Redmond,msr_alpha0_95_4,240,547,253,294,1.5068870523416,2.67272727272727
2013,MSR_Redmond,msr_alpha0_95_4,241,239,88,151,2.17272727272727,6.86363636363636
2013,MSR_Redmond,msr_alpha0_95_4,242,203,105,98,1.84545454545455,19.6
2013,MSR_Redmond,msr_alpha0_95_4,243,501,220,281,1.69830508474576,3.74666666666667
2013,MSR_Redmond,msr_alpha0_95_4,244,115,109,6,1.02678571428571,2
2013,MSR_Redmond,msr_alpha0_95_4,245,264,187,77,1.28780487804878,4.27777777777778
2013,MSR_Redmond,msr_alpha0_95_4,246,102,96,6,1.03030303030303,2
2013,MSR_Redmond,msr_alpha0_95_4,247,82,77,5,1.0379746835443,2.5
2013,MSR_Redmond,msr_alpha0_95_4,248,373,315,58,1.09705882352941,2.32
2013,MSR_Redmond,msr_alpha0_95_4,249,755,351,404,1.56964656964657,3.10769230769231
2013,MSR_Redmond,msr_alpha0_95_4,250,89,89,0,1,
2013,udel,udelCombUD,201,1000,0,1000,125,125
2013,udel,udelCombUD,202,1000,1,999,111.111111111111,124.875
2013,udel,udelCombUD,203,1000,1,999,111.111111111111,124.875
2013,udel,udelCombUD,204,1000,0,1000,125,125
2013,udel,udelCombUD,205,1000,0,1000,142.857142857143,142.857142857143
2013,udel,udelCombUD,206,1000,0,1000,250,250
2013,udel,udelCombUD,207,1000,1,999,125,142.714285714286
2013,udel,udelCombUD,208,1000,1,999,111.111111111111,124.875
2013,udel,udelCombUD,209,1000,0,1000,142.857142857143,142.857142857143
2013,udel,udelCombUD,210,1000,2,998,125,166.333333333333
2013,udel,udelCombUD,211,1000,0,1000,200,200
2013,udel,udelCombUD,212,1000,0,1000,142.857142857143,142.857142857143
2013,udel,udelCombUD,213,1000,0,1000,111.111111111111,111.111111111111
2013,udel,udelCombUD,214,1000,0,1000,142.857142857143,142.857142857143
2013,udel,udelCombUD,215,1000,0,1000,250,250
2013,udel,udelCombUD,216,1000,0,1000,142.857142857143,142.857142857143
2013,udel,udelCombUD,217,1000,0,1000,166.666666666667,166.666666666667
2013,udel,udelCombUD,218,1000,0,1000,111.111111111111,111.111111111111
2013,udel,udelCombUD,219,1000,0,1000,111.111111111111,111.111111111111
2013,udel,udelCombUD,220,1000,1,999,142.857142857143,166.5
2013,udel,udelCombUD,221,1000,0,1000,142.857142857143,142.857142857143
2013,udel,udelCombUD,222,1000,0,1000,166.666666666667,166.666666666667
2013,udel,udelCombUD,223,1000,0,1000,200,200
2013,udel,udelCombUD,224,1000,0,1000,200,200
2013,udel,udelCombUD,225,1000,1,999,142.857142857143,166.5
2013,udel,udelCombUD,226,1000,1,999,142.857142857143,166.5
2013,udel,udelCombUD,227,1000,1,999,166.666666666667,199.8
2013,udel,udelCombUD,228,1000,1,999,142.857142857143,166.5
2013,udel,udelCombUD,229,1000,0,1000,111.111111111111,111.111111111111
2013,udel,udelCombUD,230,1000,0,1000,200,200
2013,udel,udelCombUD,231,1000,0,1000,125,125
2013,udel,udelCombUD,232,1000,0,1000,111.111111111111,111.111111111111
2013,udel,udelCombUD,233,1000,0,1000,125,125
2013,udel,udelCombUD,234,1000,1,999,125,142.714285714286
2013,udel,udelCombUD,235,1000,1,999,142.857142857143,166.5
2013,udel,udelCombUD,236,1000,0,1000,333.333333333333,333.333333333333
2013,udel,udelCombUD,237,1000,0,1000,142.857142857143,142.857142857143
2013,udel,udelCombUD,238,1000,0,1000,200,200
2013,udel,udelCombUD,239,1000,0,1000,125,125
2013,udel,udelCombUD,240,1000,0,1000,200,200
2013,udel,udelCombUD,241,1000,0,1000,200,200
2013,udel,udelCombUD,242,1000,0,1000,125,125
2013,udel,udelCombUD,243,1000,0,1000,250,250
2013,udel,udelCombUD,244,1000,0,1000,111.111111111111,111.111111111111
2013,udel,udelCombUD,245,1000,0,1000,111.111111111111,111.111111111111
2013,udel,udelCombUD,246,1000,1,999,111.111111111111,124.875
2013,udel,udelCombUD,247,1000,0,1000,142.857142857143,142.857142857143
2013,udel,udelCombUD,248,1000,0,1000,142.857142857143,142.857142857143
2013,udel,udelCombUD,249,1000,0,1000,142.857142857143,142.857142857143
2013,udel,udelCombUD,250,1000,0,1000,111.111111111111,111.111111111111
2013,udel,udelPseudo1,201,1000,0,1000,125,125
2013,udel,udelPseudo1,202,1000,1,999,111.111111111111,124.875
2013,udel,udelPseudo1,203,1000,0,1000,111.111111111111,111.111111111111
2013,udel,udelPseudo1,204,1000,0,1000,125,125
2013,udel,udelPseudo1,205,1000,0,1000,142.857142857143,142.857142857143
2013,udel,udelPseudo1,206,1000,0,1000,250,250
2013,udel,udelPseudo1,207,1000,0,1000,125,125
2013,udel,udelPseudo1,208,1000,0,1000,111.111111111111,111.111111111111
2013,udel,udelPseudo1,209,1000,0,1000,142.857142857143,142.857142857143
2013,udel,udelPseudo1,210,1000,0,1000,125,125
2013,udel,udelPseudo1,211,1000,0,1000,200,200
2013,udel,udelPseudo1,212,1000,0,1000,142.857142857143,142.857142857143
2013,udel,udelPseudo1,213,1000,0,1000,111.111111111111,111.111111111111
2013,udel,udelPseudo1,214,1000,0,1000,142.857142857143,142.857142857143
2013,udel,udelPseudo1,215,1000,0,1000,250,250
2013,udel,udelPseudo1,216,1000,0,1000,142.857142857143,142.857142857143
2013,udel,udelPseudo1,217,1000,0,1000,166.666666666667,166.666666666667
2013,udel,udelPseudo1,218,1000,0,1000,111.111111111111,111.111111111111
2013,udel,udelPseudo1,219,1000,0,1000,111.111111111111,111.111111111111
2013,udel,udelPseudo1,220,1000,0,1000,142.857142857143,142.857142857143
2013,udel,udelPseudo1,221,1000,0,1000,142.857142857143,142.857142857143
2013,udel,udelPseudo1,222,1000,0,1000,166.666666666667,166.666666666667
2013,udel,udelPseudo1,223,1000,0,1000,200,200
2013,udel,udelPseudo1,224,1000,0,1000,200,200
2013,udel,udelPseudo1,225,1000,0,1000,142.857142857143,142.857142857143
2013,udel,udelPseudo1,226,1000,0,1000,142.857142857143,142.857142857143
2013,udel,udelPseudo1,227,1000,0,1000,166.666666666667,166.666666666667
2013,udel,udelPseudo1,228,1000,0,1000,142.857142857143,142.857142857143
2013,udel,udelPseudo1,229,1000,0,1000,111.111111111111,111.111111111111
2013,udel,udelPseudo1,230,1000,0,1000,200,200
2013,udel,udelPseudo1,231,1000,0,1000,125,125
2013,udel,udelPseudo1,232,1000,0,1000,111.111111111111,111.111111111111
2013,udel,udelPseudo1,233,1000,0,1000,125,125
2013,udel,udelPseudo1,234,1000,0,1000,125,125
2013,udel,udelPseudo1,235,1000,0,1000,142.857142857143,142.857142857143
2013,udel,udelPseudo1,236,1000,0,1000,333.333333333333,333.333333333333
2013,udel,udelPseudo1,237,1000,0,1000,142.857142857143,142.857142857143
2013,udel,udelPseudo1,238,1000,0,1000,200,200
2013,udel,udelPseudo1,239,1000,0,1000,125,125
2013,udel,udelPseudo1,240,1000,0,1000,200,200
2013,udel,udelPseudo1,241,1000,0,1000,200,200
2013,udel,udelPseudo1,242,1000,0,1000,125,125
2013,udel,udelPseudo1,243,1000,0,1000,250,250
2013,udel,udelPseudo1,244,1000,0,1000,111.111111111111,111.111111111111
2013,udel,udelPseudo1,245,1000,0,1000,111.111111111111,111.111111111111
2013,udel,udelPseudo1,246,1000,0,1000,111.111111111111,111.111111111111
2013,udel,udelPseudo1,247,1000,0,1000,142.857142857143,142.857142857143
2013,udel,udelPseudo1,248,1000,0,1000,142.857142857143,142.857142857143
2013,udel,udelPseudo1,249,1000,0,1000,142.857142857143,142.857142857143
2013,udel,udelPseudo1,250,1000,0,1000,111.111111111111,111.111111111111
2013,udel,udelPseudo2,201,1000,0,1000,125,125
2013,udel,udelPseudo2,202,1000,1,999,111.111111111111,124.875
2013,udel,udelPseudo2,203,1000,0,1000,111.111111111111,111.111111111111
2013,udel,udelPseudo2,204,1000,0,1000,125,125
2013,udel,udelPseudo2,205,1000,0,1000,142.857142857143,142.857142857143
2013,udel,udelPseudo2,206,1000,0,1000,250,250
2013,udel,udelPseudo2,207,1000,0,1000,125,125
2013,udel,udelPseudo2,208,1000,0,1000,111.111111111111,111.111111111111
2013,udel,udelPseudo2,209,1000,0,1000,142.857142857143,142.857142857143
2013,udel,udelPseudo2,210,1000,0,1000,125,125
2013,udel,udelPseudo2,211,1000,0,1000,200,200
2013,udel,udelPseudo2,212,1000,0,1000,142.857142857143,142.857142857143
2013,udel,udelPseudo2,213,1000,0,1000,111.111111111111,111.111111111111
2013,udel,udelPseudo2,214,1000,0,1000,142.857142857143,142.857142857143
2013,udel,udelPseudo2,215,1000,0,1000,250,250
2013,udel,udelPseudo2,216,1000,0,1000,142.857142857143,142.857142857143
2013,udel,udelPseudo2,217,1000,0,1000,166.666666666667,166.666666666667
2013,udel,udelPseudo2,218,1000,0,1000,111.111111111111,111.111111111111
2013,udel,udelPseudo2,219,1000,0,1000,111.111111111111,111.111111111111
2013,udel,udelPseudo2,220,1000,0,1000,142.857142857143,142.857142857143
2013,udel,udelPseudo2,221,1000,0,1000,142.857142857143,142.857142857143
2013,udel,udelPseudo2,222,1000,0,1000,166.666666666667,166.666666666667
2013,udel,udelPseudo2,223,1000,0,1000,200,200
2013,udel,udelPseudo2,224,1000,0,1000,200,200
2013,udel,udelPseudo2,225,1000,0,1000,142.857142857143,142.857142857143
2013,udel,udelPseudo2,226,1000,0,1000,142.857142857143,142.857142857143
2013,udel,udelPseudo2,227,1000,0,1000,166.666666666667,166.666666666667
2013,udel,udelPseudo2,228,1000,0,1000,142.857142857143,142.857142857143
2013,udel,udelPseudo2,229,1000,0,1000,111.111111111111,111.111111111111
2013,udel,udelPseudo2,230,1000,0,1000,200,200
2013,udel,udelPseudo2,231,1000,0,1000,125,125
2013,udel,udelPseudo2,232,1000,0,1000,111.111111111111,111.111111111111
2013,udel,udelPseudo2,233,1000,0,1000,125,125
2013,udel,udelPseudo2,234,1000,0,1000,125,125
2013,udel,udelPseudo2,235,1000,0,1000,142.857142857143,142.857142857143
2013,udel,udelPseudo2,236,1000,0,1000,333.333333333333,333.333333333333
2013,udel,udelPseudo2,237,1000,0,1000,142.857142857143,142.857142857143
2013,udel,udelPseudo2,238,1000,0,1000,200,200
2013,udel,udelPseudo2,239,1000,0,1000,125,125
2013,udel,udelPseudo2,240,1000,0,1000,200,200
2013,udel,udelPseudo2,241,1000,0,1000,200,200
2013,udel,udelPseudo2,242,1000,0,1000,125,125
2013,udel,udelPseudo2,243,1000,0,1000,250,250
2013,udel,udelPseudo2,244,1000,0,1000,111.111111111111,111.111111111111
2013,udel,udelPseudo2,245,1000,0,1000,111.111111111111,111.111111111111
2013,udel,udelPseudo2,246,1000,0,1000,111.111111111111,111.111111111111
2013,udel,udelPseudo2,247,1000,0,1000,142.857142857143,142.857142857143
2013,udel,udelPseudo2,248,1000,0,1000,142.857142857143,142.857142857143
2013,udel,udelPseudo2,249,1000,0,1000,142.857142857143,142.857142857143
2013,udel,udelPseudo2,250,1000,0,1000,111.111111111111,111.111111111111
2013,diro_web_13,udemQlm1l,201,1000,845,155,1.11111111111111,2.81818181818182
2013,diro_web_13,udemQlm1l,202,1000,906,94,1.05485232067511,2.23809523809524
2013,diro_web_13,udemQlm1l,203,1000,807,193,1.15874855156431,3.44642857142857
2013,diro_web_13,udemQlm1l,204,1000,886,114,1.06496272630458,2.15094339622642
2013,diro_web_13,udemQlm1l,205,1000,813,187,1.11731843575419,2.28048780487805
2013,diro_web_13,udemQlm1l,206,1000,861,139,1.10253583241455,3.02173913043478
2013,diro_web_13,udemQlm1l,207,1000,834,166,1.11731843575419,2.72131147540984
2013,diro_web_13,udemQlm1l,208,1000,776,224,1.1454753722795,2.30927835051546
2013,diro_web_13,udemQlm1l,209,1000,861,139,1.08813928182807,2.39655172413793
2013,diro_web_13,udemQlm1l,210,1000,910,90,1.05596620908131,2.43243243243243
2013,diro_web_13,udemQlm1l,211,1000,776,224,1.21359223300971,4.66666666666667
2013,diro_web_13,udemQlm1l,212,1000,916,84,1.05708245243129,2.8
2013,diro_web_13,udemQlm1l,213,1000,920,80,1.04931794333683,2.42424242424242
2013,diro_web_13,udemQlm1l,214,1000,876,124,1.07296137339056,2.21428571428571
2013,diro_web_13,udemQlm1l,215,1000,871,129,1.07066381156317,2.04761904761905
2013,diro_web_13,udemQlm1l,216,1000,896,104,1.07296137339056,2.88888888888889
2013,diro_web_13,udemQlm1l,217,1000,685,315,1.22699386503067,2.42307692307692
2013,diro_web_13,udemQlm1l,218,1000,670,330,1.28040973111396,2.97297297297297
2013,diro_web_13,udemQlm1l,219,1000,836,164,1.14285714285714,4.20512820512821
2013,diro_web_13,udemQlm1l,220,1000,797,203,1.15473441108545,2.94202898550725
2013,diro_web_13,udemQlm1l,221,1000,812,188,1.15074798619102,3.29824561403509
2013,diro_web_13,udemQlm1l,222,1000,867,133,1.08459869848156,2.41818181818182
2013,diro_web_13,udemQlm1l,223,1000,897,103,1.06837606837607,2.64102564102564
2013,diro_web_13,udemQlm1l,224,1000,796,204,1.21951219512195,8.5
2013,diro_web_13,udemQlm1l,225,1000,842,158,1.1001100110011,2.35820895522388
2013,diro_web_13,udemQlm1l,226,1000,810,190,1.16822429906542,4.1304347826087
2013,diro_web_13,udemQlm1l,227,1000,904,96,1.05374077976818,2.13333333333333
2013,diro_web_13,udemQlm1l,228,1000,872,128,1.07991360691145,2.37037037037037
2013,diro_web_13,udemQlm1l,229,1000,429,571,2.05761316872428,10.0175438596491
2013,diro_web_13,udemQlm1l,230,1000,935,65,1.04712041884817,3.25
2013,diro_web_13,udemQlm1l,231,1000,876,124,1.07874865156419,2.43137254901961
2013,diro_web_13,udemQlm1l,232,1000,836,164,1.12612612612613,3.15384615384615
2013,diro_web_13,udemQlm1l,233,1000,896,104,1.06382978723404,2.36363636363636
2013,diro_web_13,udemQlm1l,234,1000,832,168,1.14285714285714,3.90697674418605
2013,diro_web_13,udemQlm1l,235,1000,885,115,1.08342361863489,3.02631578947368
2013,diro_web_13,udemQlm1l,236,1000,925,75,1.04058272632674,2.08333333333333
2013,diro_web_13,udemQlm1l,237,1000,563,437,1.36612021857924,2.58579881656805
2013,diro_web_13,udemQlm1l,238,1000,737,263,1.22850122850123,3.41558441558442
2013,diro_web_13,udemQlm1l,239,1000,280,720,2.84090909090909,10
2013,diro_web_13,udemQlm1l,240,1000,744,256,1.21506682867558,3.24050632911392
2013,diro_web_13,udemQlm1l,241,1000,458,542,1.89753320683112,7.85507246376812
2013,diro_web_13,udemQlm1l,242,1000,791,209,1.194743130227,4.54347826086957
2013,diro_web_13,udemQlm1l,243,1000,628,372,1.3550135501355,3.38181818181818
2013,diro_web_13,udemQlm1l,244,1000,876,124,1.08225108225108,2.58333333333333
2013,diro_web_13,udemQlm1l,245,1000,782,218,1.20627261761158,4.63829787234043
2013,diro_web_13,udemQlm1l,246,1000,970,30,1.01626016260163,2.14285714285714
2013,diro_web_13,udemQlm1l,247,1000,694,306,1.32802124833997,5.1864406779661
2013,diro_web_13,udemQlm1l,248,1000,805,195,1.13378684807256,2.53246753246753
2013,diro_web_13,udemQlm1l,249,1000,897,103,1.06496272630458,2.45238095238095
2013,diro_web_13,udemQlm1l,250,1000,810,190,1.12739571589628,2.46753246753247
2013,diro_web_13,udemQlm1lFb,201,1000,859,141,1.09769484083425,2.71153846153846
2013,diro_web_13,udemQlm1lFb,202,1000,931,69,1.03842159916926,2.15625
2013,diro_web_13,udemQlm1lFb,203,1000,713,287,1.29533678756477,4.86440677966102
2013,diro_web_13,udemQlm1lFb,204,1000,902,98,1.05708245243129,2.22727272727273
2013,diro_web_13,udemQlm1lFb,205,1000,831,169,1.1037527593819,2.25333333333333
2013,diro_web_13,udemQlm1lFb,206,1000,863,137,1.0989010989011,2.91489361702128
2013,diro_web_13,udemQlm1lFb,207,1000,821,179,1.13122171945701,2.84126984126984
2013,diro_web_13,udemQlm1lFb,208,1000,871,129,1.07758620689655,2.26315789473684
2013,diro_web_13,udemQlm1lFb,209,1000,900,100,1.06269925611052,2.4390243902439
2013,diro_web_13,udemQlm1lFb,210,1000,903,97,1.05820105820106,2.30952380952381
2013,diro_web_13,udemQlm1lFb,211,1000,786,214,1.20481927710843,4.86363636363636
2013,diro_web_13,udemQlm1lFb,212,1000,956,44,1.02564102564103,2.31578947368421
2013,diro_web_13,udemQlm1lFb,213,1000,911,89,1.05374077976818,2.34210526315789
2013,diro_web_13,udemQlm1lFb,214,1000,907,93,1.05042016806723,2.06666666666667
2013,diro_web_13,udemQlm1lFb,215,1000,867,133,1.07296137339056,2.04615384615385
2013,diro_web_13,udemQlm1lFb,216,1000,854,146,1.11607142857143,3.47619047619048
2013,diro_web_13,udemQlm1lFb,217,1000,821,179,1.10987791342952,2.2375
2013,diro_web_13,udemQlm1lFb,218,1000,838,162,1.11731843575419,2.84210526315789
2013,diro_web_13,udemQlm1lFb,219,1000,933,67,1.04058272632674,2.39285714285714
2013,diro_web_13,udemQlm1lFb,220,1000,882,118,1.085776330076,3.02564102564103
2013,diro_web_13,udemQlm1lFb,221,1000,820,180,1.15606936416185,4
2013,diro_web_13,udemQlm1lFb,222,1000,866,134,1.08342361863489,2.35087719298246
2013,diro_web_13,udemQlm1lFb,223,1000,849,151,1.11856823266219,3.35555555555556
2013,diro_web_13,udemQlm1lFb,224,1000,779,221,1.23304562268804,6.90625
2013,diro_web_13,udemQlm1lFb,225,1000,855,145,1.09409190371991,2.45762711864407
2013,diro_web_13,udemQlm1lFb,226,1000,864,136,1.10741971207087,3.48717948717949
2013,diro_web_13,udemQlm1lFb,227,1000,945,55,1.03092783505155,2.2
2013,diro_web_13,udemQlm1lFb,228,1000,935,65,1.03734439834025,2.24137931034483
2013,diro_web_13,udemQlm1lFb,229,1000,496,504,1.87265917602996,13.2631578947368
2013,diro_web_13,udemQlm1lFb,230,1000,914,86,1.06157112526539,3.07142857142857
2013,diro_web_13,udemQlm1lFb,231,1000,888,112,1.06951871657754,2.38297872340426
2013,diro_web_13,udemQlm1lFb,232,1000,856,144,1.10864745011086,3.1304347826087
2013,diro_web_13,udemQlm1lFb,233,1000,948,52,1.03199174406605,2.47619047619048
2013,diro_web_13,udemQlm1lFb,234,1000,840,160,1.13250283125708,3.72093023255814
2013,diro_web_13,udemQlm1lFb,235,1000,894,106,1.07411385606874,2.86486486486487
2013,diro_web_13,udemQlm1lFb,236,1000,928,72,1.03734439834025,2
2013,diro_web_13,udemQlm1lFb,237,1000,807,193,1.14285714285714,2.83823529411765
2013,diro_web_13,udemQlm1lFb,238,1000,745,255,1.21506682867558,3.26923076923077
2013,diro_web_13,udemQlm1lFb,239,1000,331,669,2.5974025974026,12.3888888888889
2013,diro_web_13,udemQlm1lFb,240,1000,775,225,1.194743130227,3.62903225806452
2013,diro_web_13,udemQlm1lFb,241,1000,449,551,1.93798449612403,8.22388059701493
2013,diro_web_13,udemQlm1lFb,242,1000,806,194,1.17647058823529,4.40909090909091
2013,diro_web_13,udemQlm1lFb,243,1000,551,449,1.54798761609907,4.72631578947368
2013,diro_web_13,udemQlm1lFb,244,1000,918,82,1.05263157894737,2.5625
2013,diro_web_13,udemQlm1lFb,245,1000,742,258,1.2453300124533,4.22950819672131
2013,diro_web_13,udemQlm1lFb,246,1000,960,40,1.02145045965271,2.10526315789474
2013,diro_web_13,udemQlm1lFb,247,1000,669,331,1.35135135135135,4.66197183098592
2013,diro_web_13,udemQlm1lFb,248,1000,805,195,1.13250283125708,2.5
2013,diro_web_13,udemQlm1lFb,249,1000,905,95,1.05485232067511,2.2093023255814
2013,diro_web_13,udemQlm1lFb,250,1000,818,182,1.12107623318386,2.45945945945946
2013,diro_web_13,udemQlm1lFbWiki,201,1000,876,124,1.08108108108108,2.53061224489796
2013,diro_web_13,udemQlm1lFbWiki,202,1000,912,88,1.04712041884817,2.04651162790698
2013,diro_web_13,udemQlm1lFbWiki,203,1000,853,147,1.10864745011086,3
2013,diro_web_13,udemQlm1lFbWiki,204,1000,924,76,1.04275286757039,2.17142857142857
2013,diro_web_13,udemQlm1lFbWiki,205,1000,867,133,1.08225108225108,2.33333333333333
2013,diro_web_13,udemQlm1lFbWiki,206,1000,894,106,1.06951871657754,2.58536585365854
2013,diro_web_13,udemQlm1lFbWiki,207,1000,848,152,1.1001100110011,2.49180327868852
2013,diro_web_13,udemQlm1lFbWiki,208,1000,905,95,1.05485232067511,2.2093023255814
2013,diro_web_13,udemQlm1lFbWiki,209,1000,909,91,1.05374077976818,2.275
2013,diro_web_13,udemQlm1lFbWiki,210,1000,903,97,1.05932203389831,2.36585365853659
2013,diro_web_13,udemQlm1lFbWiki,211,1000,753,247,1.22699386503067,3.98387096774194
2013,diro_web_13,udemQlm1lFbWiki,212,1000,951,49,1.02774922918808,2.22727272727273
2013,diro_web_13,udemQlm1lFbWiki,213,1000,866,134,1.07991360691145,2.23333333333333
2013,diro_web_13,udemQlm1lFbWiki,214,1000,875,125,1.09409190371991,3.20512820512821
2013,diro_web_13,udemQlm1lFbWiki,215,1000,887,113,1.06269925611052,2.09259259259259
2013,diro_web_13,udemQlm1lFbWiki,216,1000,833,167,1.12866817155756,3.15094339622642
2013,diro_web_13,udemQlm1lFbWiki,217,1000,785,215,1.13895216400911,2.31182795698925
2013,diro_web_13,udemQlm1lFbWiki,218,1000,662,338,1.29032258064516,2.99115044247788
2013,diro_web_13,udemQlm1lFbWiki,219,1000,899,101,1.06044538706257,2.29545454545455
2013,diro_web_13,udemQlm1lFbWiki,220,1000,921,79,1.05042016806723,2.54838709677419
2013,diro_web_13,udemQlm1lFbWiki,221,1000,761,239,1.21802679658953,3.98333333333333
2013,diro_web_13,udemQlm1lFbWiki,222,1000,743,257,1.17370892018779,2.35779816513761
2013,diro_web_13,udemQlm1lFbWiki,223,1000,775,225,1.17508813160987,2.96052631578947
2013,diro_web_13,udemQlm1lFbWiki,224,1000,376,624,2.51256281407035,28.3636363636364
2013,diro_web_13,udemQlm1lFbWiki,225,1000,690,310,1.30208333333333,3.97435897435897
2013,diro_web_13,udemQlm1lFbWiki,226,1000,838,162,1.12612612612613,3.24
2013,diro_web_13,udemQlm1lFbWiki,227,1000,912,88,1.0482180293501,2.0952380952381
2013,diro_web_13,udemQlm1lFbWiki,228,1000,898,102,1.06382978723404,2.42857142857143
2013,diro_web_13,udemQlm1lFbWiki,229,1000,877,123,1.07181136120043,2.19642857142857
2013,diro_web_13,udemQlm1lFbWiki,230,1000,902,98,1.06723585912487,2.8
2013,diro_web_13,udemQlm1lFbWiki,231,1000,910,90,1.05263157894737,2.25
2013,diro_web_13,udemQlm1lFbWiki,232,1000,870,130,1.08932461873638,2.70833333333333
2013,diro_web_13,udemQlm1lFbWiki,233,1000,937,63,1.03842159916926,2.42307692307692
2013,diro_web_13,udemQlm1lFbWiki,234,1000,836,164,1.13122171945701,3.41666666666667
2013,diro_web_13,udemQlm1lFbWiki,235,1000,912,88,1.05263157894737,2.31578947368421
2013,diro_web_13,udemQlm1lFbWiki,236,1000,883,117,1.06382978723404,2.05263157894737
2013,diro_web_13,udemQlm1lFbWiki,237,1000,647,353,1.28040973111396,2.63432835820896
2013,diro_web_13,udemQlm1lFbWiki,238,1000,764,236,1.20048019207683,3.42028985507246
2013,diro_web_13,udemQlm1lFbWiki,239,1000,332,668,2.5974025974026,12.6037735849057
2013,diro_web_13,udemQlm1lFbWiki,240,1000,882,118,1.08108108108108,2.74418604651163
2013,diro_web_13,udemQlm1lFbWiki,241,1000,717,283,1.31926121372032,6.90243902439024
2013,diro_web_13,udemQlm1lFbWiki,242,1000,772,228,1.22249388753056,4.95652173913044
2013,diro_web_13,udemQlm1lFbWiki,243,1000,588,412,1.44717800289436,4
2013,diro_web_13,udemQlm1lFbWiki,244,1000,905,95,1.05708245243129,2.31707317073171
2013,diro_web_13,udemQlm1lFbWiki,245,1000,783,217,1.20481927710843,4.61702127659575
2013,diro_web_13,udemQlm1lFbWiki,246,1000,942,58,1.03199174406605,2.14814814814815
2013,diro_web_13,udemQlm1lFbWiki,247,1000,698,302,1.32802124833997,5.49090909090909
2013,diro_web_13,udemQlm1lFbWiki,248,1000,835,165,1.11234705228031,2.578125
2013,diro_web_13,udemQlm1lFbWiki,249,1000,858,142,1.085776330076,2.25396825396825
2013,diro_web_13,udemQlm1lFbWiki,250,1000,848,152,1.09409190371991,2.3030303030303
2013,uogTr,uogTrAIwLmb,201,1000,1000,0,1,
2013,uogTr,uogTrAIwLmb,202,1000,1000,0,1,
2013,uogTr,uogTrAIwLmb,203,1000,1000,0,1,
2013,uogTr,uogTrAIwLmb,204,1000,1000,0,1,
2013,uogTr,uogTrAIwLmb,205,1000,1000,0,1,
2013,uogTr,uogTrAIwLmb,206,1000,1000,0,1,
2013,uogTr,uogTrAIwLmb,207,1000,1000,0,1,
2013,uogTr,uogTrAIwLmb,208,1000,1000,0,1,
2013,uogTr,uogTrAIwLmb,209,1000,1000,0,1,
2013,uogTr,uogTrAIwLmb,210,1000,1000,0,1,
2013,uogTr,uogTrAIwLmb,211,1000,1000,0,1,
2013,uogTr,uogTrAIwLmb,212,1000,1000,0,1,
2013,uogTr,uogTrAIwLmb,213,1000,1000,0,1,
2013,uogTr,uogTrAIwLmb,214,1000,1000,0,1,
2013,uogTr,uogTrAIwLmb,215,1000,1000,0,1,
2013,uogTr,uogTrAIwLmb,216,1000,1000,0,1,
2013,uogTr,uogTrAIwLmb,217,1000,1000,0,1,
2013,uogTr,uogTrAIwLmb,218,1000,1000,0,1,
2013,uogTr,uogTrAIwLmb,219,1000,1000,0,1,
2013,uogTr,uogTrAIwLmb,220,1000,1000,0,1,
2013,uogTr,uogTrAIwLmb,221,1000,1000,0,1,
2013,uogTr,uogTrAIwLmb,222,1000,1000,0,1,
2013,uogTr,uogTrAIwLmb,223,1000,1000,0,1,
2013,uogTr,uogTrAIwLmb,224,1000,1000,0,1,
2013,uogTr,uogTrAIwLmb,225,1000,1000,0,1,
2013,uogTr,uogTrAIwLmb,226,1000,1000,0,1,
2013,uogTr,uogTrAIwLmb,227,1000,1000,0,1,
2013,uogTr,uogTrAIwLmb,228,1000,1000,0,1,
2013,uogTr,uogTrAIwLmb,229,1000,1000,0,1,
2013,uogTr,uogTrAIwLmb,230,1000,1000,0,1,
2013,uogTr,uogTrAIwLmb,231,1000,1000,0,1,
2013,uogTr,uogTrAIwLmb,232,1000,1000,0,1,
2013,uogTr,uogTrAIwLmb,233,1000,1000,0,1,
2013,uogTr,uogTrAIwLmb,234,1000,1000,0,1,
2013,uogTr,uogTrAIwLmb,235,1000,1000,0,1,
2013,uogTr,uogTrAIwLmb,236,1000,1000,0,1,
2013,uogTr,uogTrAIwLmb,237,1000,1000,0,1,
2013,uogTr,uogTrAIwLmb,238,1000,1000,0,1,
2013,uogTr,uogTrAIwLmb,239,1000,1000,0,1,
2013,uogTr,uogTrAIwLmb,240,1000,1000,0,1,
2013,uogTr,uogTrAIwLmb,241,1000,1000,0,1,
2013,uogTr,uogTrAIwLmb,242,1000,1000,0,1,
2013,uogTr,uogTrAIwLmb,243,1000,1000,0,1,
2013,uogTr,uogTrAIwLmb,244,1000,1000,0,1,
2013,uogTr,uogTrAIwLmb,245,1000,1000,0,1,
2013,uogTr,uogTrAIwLmb,246,1000,1000,0,1,
2013,uogTr,uogTrAIwLmb,247,1000,1000,0,1,
2013,uogTr,uogTrAIwLmb,248,1000,1000,0,1,
2013,uogTr,uogTrAIwLmb,249,1000,1000,0,1,
2013,uogTr,uogTrAIwLmb,250,1000,1000,0,1,
2013,uogTr,uogTrAS2Lb,201,1000,1000,0,1,
2013,uogTr,uogTrAS2Lb,202,1000,1000,0,1,
2013,uogTr,uogTrAS2Lb,203,1000,1000,0,1,
2013,uogTr,uogTrAS2Lb,204,1000,1000,0,1,
2013,uogTr,uogTrAS2Lb,205,1000,1000,0,1,
2013,uogTr,uogTrAS2Lb,206,1000,1000,0,1,
2013,uogTr,uogTrAS2Lb,207,1000,1000,0,1,
2013,uogTr,uogTrAS2Lb,208,1000,1000,0,1,
2013,uogTr,uogTrAS2Lb,209,1000,1000,0,1,
2013,uogTr,uogTrAS2Lb,210,1000,1000,0,1,
2013,uogTr,uogTrAS2Lb,211,1000,1000,0,1,
2013,uogTr,uogTrAS2Lb,212,1000,1000,0,1,
2013,uogTr,uogTrAS2Lb,213,1000,1000,0,1,
2013,uogTr,uogTrAS2Lb,214,1000,1000,0,1,
2013,uogTr,uogTrAS2Lb,215,1000,1000,0,1,
2013,uogTr,uogTrAS2Lb,216,1000,1000,0,1,
2013,uogTr,uogTrAS2Lb,217,1000,1000,0,1,
2013,uogTr,uogTrAS2Lb,218,1000,1000,0,1,
2013,uogTr,uogTrAS2Lb,219,1000,1000,0,1,
2013,uogTr,uogTrAS2Lb,220,1000,1000,0,1,
2013,uogTr,uogTrAS2Lb,221,1000,1000,0,1,
2013,uogTr,uogTrAS2Lb,222,1000,1000,0,1,
2013,uogTr,uogTrAS2Lb,223,1000,1000,0,1,
2013,uogTr,uogTrAS2Lb,224,1000,1000,0,1,
2013,uogTr,uogTrAS2Lb,225,1000,1000,0,1,
2013,uogTr,uogTrAS2Lb,226,1000,1000,0,1,
2013,uogTr,uogTrAS2Lb,227,1000,1000,0,1,
2013,uogTr,uogTrAS2Lb,228,1000,1000,0,1,
2013,uogTr,uogTrAS2Lb,229,1000,1000,0,1,
2013,uogTr,uogTrAS2Lb,230,1000,1000,0,1,
2013,uogTr,uogTrAS2Lb,231,1000,1000,0,1,
2013,uogTr,uogTrAS2Lb,232,1000,1000,0,1,
2013,uogTr,uogTrAS2Lb,233,1000,1000,0,1,
2013,uogTr,uogTrAS2Lb,234,1000,1000,0,1,
2013,uogTr,uogTrAS2Lb,235,1000,1000,0,1,
2013,uogTr,uogTrAS2Lb,236,1000,1000,0,1,
2013,uogTr,uogTrAS2Lb,237,1000,1000,0,1,
2013,uogTr,uogTrAS2Lb,238,1000,1000,0,1,
2013,uogTr,uogTrAS2Lb,239,1000,1000,0,1,
2013,uogTr,uogTrAS2Lb,240,1000,1000,0,1,
2013,uogTr,uogTrAS2Lb,241,1000,1000,0,1,
2013,uogTr,uogTrAS2Lb,242,1000,1000,0,1,
2013,uogTr,uogTrAS2Lb,243,1000,1000,0,1,
2013,uogTr,uogTrAS2Lb,244,1000,1000,0,1,
2013,uogTr,uogTrAS2Lb,245,1000,1000,0,1,
2013,uogTr,uogTrAS2Lb,246,1000,1000,0,1,
2013,uogTr,uogTrAS2Lb,247,1000,1000,0,1,
2013,uogTr,uogTrAS2Lb,248,1000,1000,0,1,
2013,uogTr,uogTrAS2Lb,249,1000,1000,0,1,
2013,uogTr,uogTrAS2Lb,250,1000,1000,0,1,
2013,uogTr,uogTrBDnLmxw,201,1000,1000,0,1,
2013,uogTr,uogTrBDnLmxw,202,1000,1000,0,1,
2013,uogTr,uogTrBDnLmxw,203,1000,1000,0,1,
2013,uogTr,uogTrBDnLmxw,204,1000,1000,0,1,
2013,uogTr,uogTrBDnLmxw,205,1000,1000,0,1,
2013,uogTr,uogTrBDnLmxw,206,1000,1000,0,1,
2013,uogTr,uogTrBDnLmxw,207,1000,1000,0,1,
2013,uogTr,uogTrBDnLmxw,208,1000,1000,0,1,
2013,uogTr,uogTrBDnLmxw,209,1000,1000,0,1,
2013,uogTr,uogTrBDnLmxw,210,1000,1000,0,1,
2013,uogTr,uogTrBDnLmxw,211,1000,1000,0,1,
2013,uogTr,uogTrBDnLmxw,212,1000,1000,0,1,
2013,uogTr,uogTrBDnLmxw,213,1000,1000,0,1,
2013,uogTr,uogTrBDnLmxw,214,1000,1000,0,1,
2013,uogTr,uogTrBDnLmxw,215,1000,1000,0,1,
2013,uogTr,uogTrBDnLmxw,216,1000,1000,0,1,
2013,uogTr,uogTrBDnLmxw,217,1000,1000,0,1,
2013,uogTr,uogTrBDnLmxw,218,1000,1000,0,1,
2013,uogTr,uogTrBDnLmxw,219,1000,1000,0,1,
2013,uogTr,uogTrBDnLmxw,220,1000,1000,0,1,
2013,uogTr,uogTrBDnLmxw,221,1000,1000,0,1,
2013,uogTr,uogTrBDnLmxw,222,1000,1000,0,1,
2013,uogTr,uogTrBDnLmxw,223,1000,1000,0,1,
2013,uogTr,uogTrBDnLmxw,224,1000,1000,0,1,
2013,uogTr,uogTrBDnLmxw,225,1000,1000,0,1,
2013,uogTr,uogTrBDnLmxw,226,1000,1000,0,1,
2013,uogTr,uogTrBDnLmxw,227,1000,1000,0,1,
2013,uogTr,uogTrBDnLmxw,228,1000,1000,0,1,
2013,uogTr,uogTrBDnLmxw,229,1000,1000,0,1,
2013,uogTr,uogTrBDnLmxw,230,1000,1000,0,1,
2013,uogTr,uogTrBDnLmxw,231,1000,1000,0,1,
2013,uogTr,uogTrBDnLmxw,232,1000,1000,0,1,
2013,uogTr,uogTrBDnLmxw,233,1000,1000,0,1,
2013,uogTr,uogTrBDnLmxw,234,1000,1000,0,1,
2013,uogTr,uogTrBDnLmxw,235,1000,1000,0,1,
2013,uogTr,uogTrBDnLmxw,236,1000,1000,0,1,
2013,uogTr,uogTrBDnLmxw,237,1000,1000,0,1,
2013,uogTr,uogTrBDnLmxw,238,1000,1000,0,1,
2013,uogTr,uogTrBDnLmxw,239,1000,1000,0,1,
2013,uogTr,uogTrBDnLmxw,240,1000,1000,0,1,
2013,uogTr,uogTrBDnLmxw,241,1000,1000,0,1,
2013,uogTr,uogTrBDnLmxw,242,1000,1000,0,1,
2013,uogTr,uogTrBDnLmxw,243,1000,1000,0,1,
2013,uogTr,uogTrBDnLmxw,244,1000,1000,0,1,
2013,uogTr,uogTrBDnLmxw,245,1000,1000,0,1,
2013,uogTr,uogTrBDnLmxw,246,1000,1000,0,1,
2013,uogTr,uogTrBDnLmxw,247,1000,1000,0,1,
2013,uogTr,uogTrBDnLmxw,248,1000,1000,0,1,
2013,uogTr,uogTrBDnLmxw,249,1000,1000,0,1,
2013,uogTr,uogTrBDnLmxw,250,1000,1000,0,1,
2013,ut,ut22base,201,1000,551,449,1.45348837209302,3.27737226277372
2013,ut,ut22base,202,1000,643,357,1.26742712294043,2.44520547945205
2013,ut,ut22base,203,1000,578,422,1.40252454417952,3.12592592592593
2013,ut,ut22base,204,1000,817,183,1.13507377979569,2.859375
2013,ut,ut22base,205,1000,428,572,1.93798449612403,6.5
2013,ut,ut22base,206,1000,866,134,1.08459869848156,2.39285714285714
2013,ut,ut22base,207,1000,557,443,1.44508670520231,3.28148148148148
2013,ut,ut22base,208,1000,569,431,1.45348837209302,3.6218487394958
2013,ut,ut22base,209,1000,247,753,2.80112044817927,6.84545454545455
2013,ut,ut22base,210,1000,654,346,1.27713920817369,2.68217054263566
2013,ut,ut22base,211,1000,897,103,1.05932203389831,2.19148936170213
2013,ut,ut22base,212,1000,629,371,1.33333333333333,3.06611570247934
2013,ut,ut22base,213,1000,696,304,1.23609394313968,2.69026548672566
2013,ut,ut22base,214,1000,655,345,1.32450331125828,3.45
2013,ut,ut22base,215,1000,747,253,1.21654501216545,3.37333333333333
2013,ut,ut22base,216,1000,497,503,1.61290322580645,4.08943089430894
2013,ut,ut22base,217,1000,854,146,1.09170305676856,2.35483870967742
2013,ut,ut22base,218,1000,850,150,1.0989010989011,2.5
2013,ut,ut22base,219,1000,897,103,1.06496272630458,2.45238095238095
2013,ut,ut22base,220,1000,704,296,1.30208333333333,4.625
2013,ut,ut22base,221,1000,729,271,1.21212121212121,2.82291666666667
2013,ut,ut22base,222,1000,552,448,1.48588410104012,3.70247933884298
2013,ut,ut22base,223,1000,783,217,1.16414435389988,2.85526315789474
2013,ut,ut22base,224,1000,648,352,1.43061516452074,6.90196078431373
2013,ut,ut22base,225,1000,671,329,1.26422250316056,2.74166666666667
2013,ut,ut22base,226,1000,671,329,1.25944584382872,2.67479674796748
2013,ut,ut22base,227,1000,612,388,1.3986013986014,3.76699029126214
2013,ut,ut22base,228,1000,706,294,1.22100122100122,2.60176991150443
2013,ut,ut22base,229,1000,151,849,5.46448087431694,26.53125
2013,ut,ut22base,230,1000,822,178,1.11234705228031,2.31168831168831
2013,ut,ut22base,231,1000,701,299,1.26422250316056,3.32222222222222
2013,ut,ut22base,232,1000,743,257,1.21654501216545,3.25316455696203
2013,ut,ut22base,233,1000,648,352,1.31233595800525,3.08771929824561
2013,ut,ut22base,234,1000,872,128,1.07991360691145,2.37037037037037
2013,ut,ut22base,235,1000,661,339,1.29198966408269,3
2013,ut,ut22base,236,1000,676,324,1.27388535031847,2.97247706422018
2013,ut,ut22base,237,1000,851,149,1.09769484083425,2.48333333333333
2013,ut,ut22base,238,1000,815,185,1.11982082866741,2.37179487179487
2013,ut,ut22base,239,1000,542,458,1.52439024390244,4.01754385964912
2013,ut,ut22base,240,1000,752,248,1.17647058823529,2.53061224489796
2013,ut,ut22base,241,1000,532,468,1.58478605388273,4.72727272727273
2013,ut,ut22base,242,1000,521,479,1.52671755725191,3.57462686567164
2013,ut,ut22base,243,1000,636,364,1.32978723404255,3.13793103448276
2013,ut,ut22base,244,1000,843,157,1.10253583241455,2.453125
2013,ut,ut22base,245,1000,528,472,1.47058823529412,3.10526315789474
2013,ut,ut22base,246,1000,785,215,1.17508813160987,3.25757575757576
2013,ut,ut22base,247,1000,607,393,1.41843971631206,4.01020408163265
2013,ut,ut22base,248,1000,674,326,1.26103404791929,2.73949579831933
2013,ut,ut22base,249,1000,494,506,1.61550888529887,4.048
2013,ut,ut22base,250,1000,578,422,1.40056022408964,3.10294117647059
2013,ut,ut22spam,201,1000,464,536,1.64744645799012,3.74825174825175
2013,ut,ut22spam,202,1000,516,484,1.43266475644699,2.65934065934066
2013,ut,ut22spam,203,1000,445,555,1.75438596491228,4.44
2013,ut,ut22spam,204,1000,665,335,1.28205128205128,2.91304347826087
2013,ut,ut22spam,205,1000,528,472,1.5600624024961,4.17699115044248
2013,ut,ut22spam,206,1000,635,365,1.29366106080207,2.64492753623188
2013,ut,ut22spam,207,1000,424,576,1.6260162601626,3.01570680628272
2013,ut,ut22spam,208,1000,530,470,1.44092219020173,2.86585365853659
2013,ut,ut22spam,209,1000,388,612,1.9047619047619,4.46715328467153
2013,ut,ut22spam,210,1000,527,473,1.4792899408284,3.1744966442953
2013,ut,ut22spam,211,1000,710,290,1.18623962040332,2.18045112781955
2013,ut,ut22spam,212,1000,601,399,1.40449438202247,3.59459459459459
2013,ut,ut22spam,213,1000,468,532,1.64203612479475,3.77304964539007
2013,ut,ut22spam,214,1000,528,472,1.52671755725191,3.71653543307087
2013,ut,ut22spam,215,1000,659,341,1.30208333333333,3.12844036697248
2013,ut,ut22spam,216,1000,503,497,1.52905198776758,3.29139072847682
2013,ut,ut22spam,217,1000,715,285,1.20772946859903,2.52212389380531
2013,ut,ut22spam,218,1000,693,307,1.24688279301746,2.81651376146789
2013,ut,ut22spam,219,1000,754,246,1.15740740740741,2.23636363636364
2013,ut,ut22spam,220,1000,435,565,1.60771704180064,3.02139037433155
2013,ut,ut22spam,221,1000,560,440,1.41843971631206,3.03448275862069
2013,ut,ut22spam,222,1000,558,442,1.40845070422535,2.90789473684211
2013,ut,ut22spam,223,1000,677,323,1.2531328320802,2.66942148760331
2013,ut,ut22spam,224,1000,713,287,1.194743130227,2.31451612903226
2013,ut,ut22spam,225,1000,446,554,1.64744645799012,3.44099378881988
2013,ut,ut22spam,226,1000,463,537,1.59235668789809,3.25454545454545
2013,ut,ut22spam,227,1000,581,419,1.41843971631206,3.37903225806452
2013,ut,ut22spam,228,1000,543,457,1.38312586445367,2.53888888888889
2013,ut,ut22spam,229,1000,75,925,10.8695652173913,54.4117647058824
2013,ut,ut22spam,230,1000,589,411,1.34770889487871,2.68627450980392
2013,ut,ut22spam,231,1000,554,446,1.4265335235378,3.03401360544218
2013,ut,ut22spam,232,1000,559,441,1.43472022955524,3.19565217391304
2013,ut,ut22spam,233,1000,406,594,1.83150183150183,4.24285714285714
2013,ut,ut22spam,234,1000,681,319,1.21212121212121,2.21527777777778
2013,ut,ut22spam,235,1000,478,522,1.61550888529887,3.70212765957447
2013,ut,ut22spam,236,1000,613,387,1.37931034482759,3.45535714285714
2013,ut,ut22spam,237,1000,612,388,1.31061598951507,2.56953642384106
2013,ut,ut22spam,238,1000,535,465,1.48367952522255,3.34532374100719
2013,ut,ut22spam,239,1000,457,543,1.63934426229508,3.54901960784314
2013,ut,ut22spam,240,1000,600,400,1.29533678756477,2.32558139534884
2013,ut,ut22spam,241,1000,560,440,1.45772594752187,3.49206349206349
2013,ut,ut22spam,242,1000,412,588,1.72413793103448,3.5
2013,ut,ut22spam,243,1000,493,507,1.44927536231884,2.57360406091371
2013,ut,ut22spam,244,1000,669,331,1.23762376237624,2.38129496402878
2013,ut,ut22spam,245,1000,490,510,1.52439024390244,3.07228915662651
2013,ut,ut22spam,246,1000,735,265,1.20336943441637,2.76041666666667
2013,ut,ut22spam,247,1000,562,438,1.38121546961326,2.7037037037037
2013,ut,ut22spam,248,1000,497,503,1.5748031496063,3.64492753623188
2013,ut,ut22spam,249,1000,335,665,2.10526315789474,4.75
2013,ut,ut22spam,250,1000,370,630,1.89753320683112,4.01273885350319
2013,ut,ut22xact,201,1000,646,354,1.30039011703511,2.87804878048781
2013,ut,ut22xact,202,1000,436,564,1.5625,2.76470588235294
2013,ut,ut22xact,203,1000,432,568,1.62866449511401,3.12087912087912
2013,ut,ut22xact,204,1000,608,392,1.3531799729364,2.99236641221374
2013,ut,ut22xact,205,1000,329,671,2.27790432801822,6.1
2013,ut,ut22xact,206,1000,908,92,1.05263157894737,2.19047619047619
2013,ut,ut22xact,207,1000,340,660,1.90839694656489,3.58695652173913
2013,ut,ut22xact,208,1000,377,623,1.8018018018018,3.5
2013,ut,ut22xact,209,1000,326,674,2.21729490022173,5.392
2013,ut,ut22xact,210,1000,587,413,1.40646976090014,3.33064516129032
2013,ut,ut22xact,211,1000,418,582,1.5527950310559,2.57522123893805
2013,ut,ut22xact,212,1000,561,439,1.46198830409357,3.56910569105691
2013,ut,ut22xact,213,1000,754,246,1.17096018735363,2.46
2013,ut,ut22xact,214,1000,510,490,1.50829562594268,3.20261437908497
2013,ut,ut22xact,215,1000,601,399,1.36239782016349,3
2013,ut,ut22xact,216,1000,407,593,1.77304964539007,3.77707006369427
2013,ut,ut22xact,217,1000,538,462,1.37741046831956,2.45744680851064
2013,ut,ut22xact,218,1000,528,472,1.39082058414465,2.47120418848168
2013,ut,ut22xact,219,1000,552,448,1.35685210312076,2.42162162162162
2013,ut,ut22xact,220,1000,272,728,2.06611570247934,3.43396226415094
2013,ut,ut22xact,221,1000,522,478,1.45348837209302,2.87951807228916
2013,ut,ut22xact,222,1000,545,455,1.47710487444609,3.4469696969697
2013,ut,ut22xact,223,1000,589,411,1.34589502018843,2.66883116883117
2013,ut,ut22xact,224,1000,475,525,1.67785234899329,4.33884297520661
2013,ut,ut22xact,225,1000,559,441,1.42247510668563,3.0625
2013,ut,ut22xact,226,1000,769,231,1.16686114352392,2.625
2013,ut,ut22xact,227,1000,443,557,1.66112956810631,3.50314465408805
2013,ut,ut22xact,228,1000,438,562,1.56985871271586,2.82412060301508
2013,ut,ut22xact,229,1000,172,828,4.83091787439614,23.6571428571429
2013,ut,ut22xact,230,1000,497,503,1.45137880986938,2.61979166666667
2013,ut,ut22xact,231,1000,537,463,1.44927536231884,3.02614379084967
2013,ut,ut22xact,232,1000,533,467,1.44300144300144,2.91875
2013,ut,ut22xact,233,1000,668,332,1.28040973111396,2.93805309734513
2013,ut,ut22xact,234,1000,623,377,1.28865979381443,2.4640522875817
2013,ut,ut22xact,235,1000,692,308,1.25944584382872,3.01960784313726
2013,ut,ut22xact,236,1000,551,449,1.40845070422535,2.82389937106918
2013,ut,ut22xact,237,1000,588,412,1.3262599469496,2.48192771084337
2013,ut,ut22xact,238,1000,532,468,1.3869625520111,2.47619047619048
2013,ut,ut22xact,239,1000,406,594,1.79533213644524,3.93377483443709
2013,ut,ut22xact,240,1000,399,601,1.64203612479475,2.86190476190476
2013,ut,ut22xact,241,1000,507,493,1.62337662337662,4.52293577981651
2013,ut,ut22xact,242,1000,414,586,1.72711571675302,3.55151515151515
2013,ut,ut22xact,243,1000,337,663,1.85873605947955,3.29850746268657
2013,ut,ut22xact,244,1000,556,444,1.35685210312076,2.45303867403315
2013,ut,ut22xact,245,1000,502,498,1.4903129657228,2.94674556213018
2013,ut,ut22xact,246,1000,600,400,1.3531799729364,2.87769784172662
2013,ut,ut22xact,247,1000,492,508,1.52671755725191,3.11656441717791
2013,ut,ut22xact,248,1000,447,553,1.57232704402516,2.92592592592593
2013,ut,ut22xact,249,1000,628,372,1.33868808567604,3.12605042016807
2013,ut,ut22xact,250,1000,324,676,1.86915887850467,3.20379146919431
2013,webis,webismixed,201,1000,1000,0,1,
2013,webis,webismixed,202,1000,1000,0,1,
2013,webis,webismixed,203,1000,1000,0,1,
2013,webis,webismixed,204,1000,1000,0,1,
2013,webis,webismixed,205,1000,1000,0,1,
2013,webis,webismixed,206,1000,1000,0,1,
2013,webis,webismixed,207,1000,1000,0,1,
2013,webis,webismixed,208,1000,1000,0,1,
2013,webis,webismixed,209,1000,1000,0,1,
2013,webis,webismixed,210,1000,1000,0,1,
2013,webis,webismixed,211,1000,1000,0,1,
2013,webis,webismixed,212,1000,1000,0,1,
2013,webis,webismixed,213,1000,1000,0,1,
2013,webis,webismixed,214,1000,1000,0,1,
2013,webis,webismixed,215,1000,1000,0,1,
2013,webis,webismixed,216,1000,1000,0,1,
2013,webis,webismixed,217,1000,1000,0,1,
2013,webis,webismixed,218,1000,1000,0,1,
2013,webis,webismixed,219,1000,1000,0,1,
2013,webis,webismixed,220,1000,1000,0,1,
2013,webis,webismixed,221,1000,1000,0,1,
2013,webis,webismixed,222,1000,1000,0,1,
2013,webis,webismixed,223,1000,1000,0,1,
2013,webis,webismixed,224,1000,1000,0,1,
2013,webis,webismixed,225,1000,1000,0,1,
2013,webis,webismixed,226,1000,1000,0,1,
2013,webis,webismixed,227,1000,1000,0,1,
2013,webis,webismixed,228,1000,1000,0,1,
2013,webis,webismixed,229,1000,1000,0,1,
2013,webis,webismixed,230,1000,1000,0,1,
2013,webis,webismixed,231,1000,1000,0,1,
2013,webis,webismixed,232,1000,1000,0,1,
2013,webis,webismixed,233,1000,1000,0,1,
2013,webis,webismixed,234,1000,1000,0,1,
2013,webis,webismixed,235,1000,1000,0,1,
2013,webis,webismixed,236,1000,1000,0,1,
2013,webis,webismixed,237,1000,1000,0,1,
2013,webis,webismixed,238,1000,1000,0,1,
2013,webis,webismixed,239,1000,1000,0,1,
2013,webis,webismixed,240,1000,1000,0,1,
2013,webis,webismixed,241,1000,1000,0,1,
2013,webis,webismixed,242,1000,1000,0,1,
2013,webis,webismixed,243,1000,1000,0,1,
2013,webis,webismixed,244,1000,1000,0,1,
2013,webis,webismixed,245,1000,1000,0,1,
2013,webis,webismixed,246,1000,1000,0,1,
2013,webis,webismixed,247,1000,1000,0,1,
2013,webis,webismixed,248,1000,1000,0,1,
2013,webis,webismixed,249,1000,1000,0,1,
2013,webis,webismixed,250,1000,1000,0,1,
2013,webis,webisrandom,201,1000,1000,0,1,
2013,webis,webisrandom,202,1000,1000,0,1,
2013,webis,webisrandom,203,1000,1000,0,1,
2013,webis,webisrandom,204,1000,0,1000,2,2
2013,webis,webisrandom,205,1000,1000,0,1,
2013,webis,webisrandom,206,1000,1000,0,1,
2013,webis,webisrandom,207,1000,1000,0,1,
2013,webis,webisrandom,208,1000,1000,0,1,
2013,webis,webisrandom,209,1000,1000,0,1,
2013,webis,webisrandom,210,1000,1000,0,1,
2013,webis,webisrandom,211,1000,1000,0,1,
2013,webis,webisrandom,212,1000,1000,0,1,
2013,webis,webisrandom,213,1000,1000,0,1,
2013,webis,webisrandom,214,1000,1000,0,1,
2013,webis,webisrandom,215,1000,1000,0,1,
2013,webis,webisrandom,216,1000,1000,0,1,
2013,webis,webisrandom,217,1000,1000,0,1,
2013,webis,webisrandom,218,1000,1000,0,1,
2013,webis,webisrandom,219,1000,1000,0,1,
2013,webis,webisrandom,220,1000,0,1000,2,2
2013,webis,webisrandom,221,1000,1000,0,1,
2013,webis,webisrandom,222,1000,1000,0,1,
2013,webis,webisrandom,223,1000,1000,0,1,
2013,webis,webisrandom,224,1000,1000,0,1,
2013,webis,webisrandom,225,1000,1000,0,1,
2013,webis,webisrandom,226,1000,1000,0,1,
2013,webis,webisrandom,227,410,410,0,1,
2013,webis,webisrandom,228,1000,1000,0,1,
2013,webis,webisrandom,229,1000,1000,0,1,
2013,webis,webisrandom,230,1000,1000,0,1,
2013,webis,webisrandom,231,1000,994,6,1.00300902708124,2
2013,webis,webisrandom,232,1000,1000,0,1,
2013,webis,webisrandom,233,1000,1000,0,1,
2013,webis,webisrandom,234,1000,1000,0,1,
2013,webis,webisrandom,235,1000,1000,0,1,
2013,webis,webisrandom,236,1000,1000,0,1,
2013,webis,webisrandom,237,1000,1000,0,1,
2013,webis,webisrandom,238,1000,1000,0,1,
2013,webis,webisrandom,239,1000,1000,0,1,
2013,webis,webisrandom,240,1000,1000,0,1,
2013,webis,webisrandom,241,1000,1000,0,1,
2013,webis,webisrandom,242,1000,1000,0,1,
2013,webis,webisrandom,243,1000,1000,0,1,
2013,webis,webisrandom,244,1000,1000,0,1,
2013,webis,webisrandom,245,1000,1000,0,1,
2013,webis,webisrandom,246,1000,1000,0,1,
2013,webis,webisrandom,247,1000,1000,0,1,
2013,webis,webisrandom,248,1000,1000,0,1,
2013,webis,webisrandom,249,1000,1000,0,1,
2013,webis,webisrandom,250,1000,1000,0,1,
2013,webis,webiswtbaseline,201,1000,1000,0,1,
2013,webis,webiswtbaseline,202,1000,1000,0,1,
2013,webis,webiswtbaseline,203,1000,1000,0,1,
2013,webis,webiswtbaseline,204,1000,1000,0,1,
2013,webis,webiswtbaseline,205,1000,1000,0,1,
2013,webis,webiswtbaseline,206,1000,1000,0,1,
2013,webis,webiswtbaseline,207,1000,1000,0,1,
2013,webis,webiswtbaseline,208,1000,1000,0,1,
2013,webis,webiswtbaseline,209,1000,1000,0,1,
2013,webis,webiswtbaseline,210,1000,1000,0,1,
2013,webis,webiswtbaseline,211,1000,1000,0,1,
2013,webis,webiswtbaseline,212,1000,1000,0,1,
2013,webis,webiswtbaseline,213,1000,1000,0,1,
2013,webis,webiswtbaseline,214,1000,1000,0,1,
2013,webis,webiswtbaseline,215,1000,1000,0,1,
2013,webis,webiswtbaseline,216,1000,1000,0,1,
2013,webis,webiswtbaseline,217,1000,1000,0,1,
2013,webis,webiswtbaseline,218,1000,1000,0,1,
2013,webis,webiswtbaseline,219,1000,1000,0,1,
2013,webis,webiswtbaseline,220,1000,1000,0,1,
2013,webis,webiswtbaseline,221,1000,1000,0,1,
2013,webis,webiswtbaseline,222,1000,1000,0,1,
2013,webis,webiswtbaseline,223,1000,1000,0,1,
2013,webis,webiswtbaseline,224,1000,1000,0,1,
2013,webis,webiswtbaseline,225,1000,1000,0,1,
2013,webis,webiswtbaseline,226,1000,1000,0,1,
2013,webis,webiswtbaseline,227,1000,1000,0,1,
2013,webis,webiswtbaseline,228,1000,1000,0,1,
2013,webis,webiswtbaseline,229,1000,1000,0,1,
2013,webis,webiswtbaseline,230,1000,1000,0,1,
2013,webis,webiswtbaseline,231,1000,1000,0,1,
2013,webis,webiswtbaseline,232,1000,1000,0,1,
2013,webis,webiswtbaseline,233,1000,1000,0,1,
2013,webis,webiswtbaseline,234,1000,1000,0,1,
2013,webis,webiswtbaseline,235,1000,1000,0,1,
2013,webis,webiswtbaseline,236,1000,1000,0,1,
2013,webis,webiswtbaseline,237,1000,1000,0,1,
2013,webis,webiswtbaseline,238,1000,1000,0,1,
2013,webis,webiswtbaseline,239,1000,1000,0,1,
2013,webis,webiswtbaseline,240,1000,1000,0,1,
2013,webis,webiswtbaseline,241,1000,1000,0,1,
2013,webis,webiswtbaseline,242,1000,1000,0,1,
2013,webis,webiswtbaseline,243,1000,1000,0,1,
2013,webis,webiswtbaseline,244,1000,1000,0,1,
2013,webis,webiswtbaseline,245,1000,1000,0,1,
2013,webis,webiswtbaseline,246,1000,1000,0,1,
2013,webis,webiswtbaseline,247,1000,1000,0,1,
2013,webis,webiswtbaseline,248,1000,1000,0,1,
2013,webis,webiswtbaseline,249,1000,1000,0,1,
2013,webis,webiswtbaseline,250,1000,1000,0,1,
2013,wistud,wistud.runA,201,1000,958,42,1.02354145342886,2.21052631578947
2013,wistud,wistud.runA,202,1000,748,252,1.17647058823529,2.47058823529412
2013,wistud,wistud.runA,203,766,726,40,1.02956989247312,2.22222222222222
2013,wistud,wistud.runA,204,883,877,6,1.00340909090909,2
2013,wistud,wistud.runA,205,1000,994,6,1.00300902708124,2
2013,wistud,wistud.runA,206,696,694,2,1.00143884892086,2
2013,wistud,wistud.runA,207,1000,998,2,1.001001001001,2
2013,wistud,wistud.runA,208,1000,607,393,1.31233595800525,2.53548387096774
2013,wistud,wistud.runA,209,1000,1000,0,1,
2013,wistud,wistud.runA,210,320,316,4,1.0062893081761,2
2013,wistud,wistud.runA,211,1000,968,32,1.01626016260163,2
2013,wistud,wistud.runA,212,126,126,0,1,
2013,wistud,wistud.runA,213,1000,988,12,1.00603621730382,2
2013,wistud,wistud.runA,214,1000,1000,0,1,
2013,wistud,wistud.runA,215,1000,1000,0,1,
2013,wistud,wistud.runA,216,502,496,6,1.0060120240481,2
2013,wistud,wistud.runA,217,477,477,0,1,
2013,wistud,wistud.runA,218,127,127,0,1,
2013,wistud,wistud.runA,219,862,860,2,1.00116144018583,2
2013,wistud,wistud.runA,220,340,340,0,1,
2013,wistud,wistud.runA,221,1000,998,2,1.001001001001,2
2013,wistud,wistud.runA,222,811,809,2,1.00123456790123,2
2013,wistud,wistud.runA,223,1000,996,4,1.00200400801603,2
2013,wistud,wistud.runA,224,1000,1000,0,1,
2013,wistud,wistud.runA,225,242,242,0,1,
2013,wistud,wistud.runA,226,1000,990,10,1.00502512562814,2
2013,wistud,wistud.runA,227,82,82,0,1,
2013,wistud,wistud.runA,228,1000,998,2,1.001001001001,2
2013,wistud,wistud.runA,229,769,634,135,1.12756598240469,2.8125
2013,wistud,wistud.runA,230,517,517,0,1,
2013,wistud,wistud.runA,231,1000,923,77,1.04493207941484,2.26470588235294
2013,wistud,wistud.runA,232,1000,996,4,1.00200400801603,2
2013,wistud,wistud.runA,233,393,391,2,1.00255102040816,2
2013,wistud,wistud.runA,234,1000,998,2,1.001001001001,2
2013,wistud,wistud.runA,235,1000,998,2,1.001001001001,2
2013,wistud,wistud.runA,236,1000,1000,0,1,
2013,wistud,wistud.runA,237,1000,939,61,1.03305785123967,2.10344827586207
2013,wistud,wistud.runA,238,1000,996,4,1.00200400801603,2
2013,wistud,wistud.runA,239,1000,992,8,1.00401606425703,2
2013,wistud,wistud.runA,240,1000,994,6,1.00300902708124,2
2013,wistud,wistud.runA,241,824,814,10,1.00610500610501,2
2013,wistud,wistud.runA,242,1000,976,24,1.01214574898785,2
2013,wistud,wistud.runA,243,232,222,10,1.02202643171806,2
2013,wistud,wistud.runA,244,991,987,4,1.00202224469161,2
2013,wistud,wistud.runA,245,1000,998,2,1.001001001001,2
2013,wistud,wistud.runA,246,1000,1000,0,1,
2013,wistud,wistud.runA,247,775,771,4,1.0025873221216,2
2013,wistud,wistud.runA,248,1000,996,4,1.00200400801603,2
2013,wistud,wistud.runA,249,1000,998,2,1.001001001001,2
2013,wistud,wistud.runA,250,332,332,0,1,
2013,wistud,wistud.runB,201,1000,951,49,1.02774922918808,2.22727272727273
2013,wistud,wistud.runB,202,1000,749,251,1.17785630153121,2.51
2013,wistud,wistud.runB,203,792,668,124,1.10152990264256,2.43137254901961
2013,wistud,wistud.runB,204,998,994,4,1.00200803212851,2
2013,wistud,wistud.runB,205,1000,994,6,1.00300902708124,2
2013,wistud,wistud.runB,206,706,706,0,1,
2013,wistud,wistud.runB,207,1000,984,16,1.00806451612903,2
2013,wistud,wistud.runB,208,1000,609,391,1.31061598951507,2.53896103896104
2013,wistud,wistud.runB,209,1000,1000,0,1,
2013,wistud,wistud.runB,210,351,349,2,1.00285714285714,2
2013,wistud,wistud.runB,211,1000,996,4,1.00200400801603,2
2013,wistud,wistud.runB,212,345,345,0,1,
2013,wistud,wistud.runB,213,1000,990,10,1.00502512562814,2
2013,wistud,wistud.runB,214,1000,1000,0,1,
2013,wistud,wistud.runB,215,1000,1000,0,1,
2013,wistud,wistud.runB,216,471,461,10,1.01072961373391,2
2013,wistud,wistud.runB,217,353,353,0,1,
2013,wistud,wistud.runB,218,127,127,0,1,
2013,wistud,wistud.runB,219,871,869,2,1.00114942528736,2
2013,wistud,wistud.runB,220,369,345,24,1.04829545454545,3.42857142857143
2013,wistud,wistud.runB,221,1000,998,2,1.001001001001,2
2013,wistud,wistud.runB,222,765,761,4,1.00262123197903,2
2013,wistud,wistud.runB,223,1000,998,2,1.001001001001,2
2013,wistud,wistud.runB,224,951,949,2,1.00105263157895,2
2013,wistud,wistud.runB,225,234,234,0,1,
2013,wistud,wistud.runB,226,1000,985,15,1.00806451612903,2.14285714285714
2013,wistud,wistud.runB,227,96,96,0,1,
2013,wistud,wistud.runB,228,1000,986,14,1.00806451612903,2.33333333333333
2013,wistud,wistud.runB,229,833,730,103,1.08604954367666,2.78378378378378
2013,wistud,wistud.runB,230,533,531,2,1.00187969924812,2
2013,wistud,wistud.runB,231,1000,941,59,1.03305785123967,2.18518518518519
2013,wistud,wistud.runB,232,1000,998,2,1.001001001001,2
2013,wistud,wistud.runB,233,371,369,2,1.0027027027027,2
2013,wistud,wistud.runB,234,1000,1000,0,1,
2013,wistud,wistud.runB,235,1000,998,2,1.001001001001,2
2013,wistud,wistud.runB,236,1000,998,2,1.001001001001,2
2013,wistud,wistud.runB,237,1000,938,62,1.03199174406605,2
2013,wistud,wistud.runB,238,1000,998,2,1.001001001001,2
2013,wistud,wistud.runB,239,1000,990,10,1.00502512562814,2
2013,wistud,wistud.runB,240,1000,982,18,1.00908173562059,2
2013,wistud,wistud.runB,241,1000,998,2,1.001001001001,2
2013,wistud,wistud.runB,242,1000,968,32,1.01626016260163,2
2013,wistud,wistud.runB,243,414,406,8,1.00975609756098,2
2013,wistud,wistud.runB,244,979,969,10,1.00513347022587,2
2013,wistud,wistud.runB,245,1000,992,8,1.00401606425703,2
2013,wistud,wistud.runB,246,1000,1000,0,1,
2013,wistud,wistud.runB,247,786,784,2,1.00127388535032,2
2013,wistud,wistud.runB,248,1000,986,14,1.00704934541793,2
2013,wistud,wistud.runB,249,804,799,5,1.00374531835206,2.5
2013,wistud,wistud.runB,250,252,250,2,1.00398406374502,2
2013,wistud,wistud.runC,201,1000,366,634,1.70940170940171,2.89497716894977
2013,wistud,wistud.runC,202,1000,641,359,1.28700128700129,2.63970588235294
2013,wistud,wistud.runC,203,417,319,98,1.16806722689076,2.57894736842105
2013,wistud,wistud.runC,204,1000,867,133,1.08108108108108,2.29310344827586
2013,wistud,wistud.runC,205,1000,509,491,1.48148148148148,2.9578313253012
2013,wistud,wistud.runC,206,1000,414,586,2.11416490486258,9.93220338983051
2013,wistud,wistud.runC,207,1000,716,284,1.20627261761158,2.51327433628319
2013,wistud,wistud.runC,208,864,589,275,1.22206506364922,2.33050847457627
2013,wistud,wistud.runC,209,1000,708,292,1.22850122850123,2.75471698113208
2013,wistud,wistud.runC,210,1000,426,574,1.61812297734628,2.98958333333333
2013,wistud,wistud.runC,211,1000,741,259,1.16822429906542,2.25217391304348
2013,wistud,wistud.runC,212,1000,891,109,1.06496272630458,2.27083333333333
2013,wistud,wistud.runC,213,1000,619,381,1.42045454545455,4.48235294117647
2013,wistud,wistud.runC,214,1000,773,227,1.16822429906542,2.73493975903614
2013,wistud,wistud.runC,215,1000,567,433,1.36986301369863,2.65644171779141
2013,wistud,wistud.runC,216,196,173,23,1.07692307692308,2.55555555555556
2013,wistud,wistud.runC,217,1000,722,278,1.19617224880383,2.43859649122807
2013,wistud,wistud.runC,218,724,356,368,1.91029023746702,16
2013,wistud,wistud.runC,219,613,469,144,1.15009380863039,2.25
2013,wistud,wistud.runC,220,144,110,34,1.14285714285714,2.125
2013,wistud,wistud.runC,221,1000,668,332,1.23304562268804,2.32167832167832
2013,wistud,wistud.runC,222,1000,665,335,1.230012300123,2.26351351351351
2013,wistud,wistud.runC,223,1000,647,353,1.32100396301189,3.20909090909091
2013,wistud,wistud.runC,224,679,425,254,1.42947368421053,5.08
2013,wistud,wistud.runC,225,219,151,68,1.26589595375723,3.09090909090909
2013,wistud,wistud.runC,226,1000,439,561,1.86219739292365,5.72448979591837
2013,wistud,wistud.runC,227,150,110,40,1.171875,2.22222222222222
2013,wistud,wistud.runC,228,1000,717,283,1.194743130227,2.35833333333333
2013,wistud,wistud.runC,229,840,466,374,1.51351351351351,4.20224719101124
2013,wistud,wistud.runC,230,574,371,203,1.29279279279279,2.78082191780822
2013,wistud,wistud.runC,231,1000,642,358,1.33333333333333,3.31481481481482
2013,wistud,wistud.runC,232,1000,736,264,1.17924528301887,2.35714285714286
2013,wistud,wistud.runC,233,513,314,199,1.37903225806452,3.43103448275862
2013,wistud,wistud.runC,234,1000,610,390,1.40056022408964,3.75
2013,wistud,wistud.runC,235,1000,802,198,1.12994350282486,2.3855421686747
2013,wistud,wistud.runC,236,1000,539,461,1.42450142450142,2.82822085889571
2013,wistud,wistud.runC,237,1000,346,654,1.89393939393939,3.59340659340659
2013,wistud,wistud.runC,238,1000,649,351,1.28205128205128,2.6793893129771
2013,wistud,wistud.runC,239,1000,433,567,1.89035916824197,5.90625
2013,wistud,wistud.runC,240,1000,693,307,1.22850122850123,2.53719008264463
2013,wistud,wistud.runC,241,1000,488,512,1.6366612111293,4.16260162601626
2013,wistud,wistud.runC,242,1000,746,254,1.16550116550117,2.26785714285714
2013,wistud,wistud.runC,243,1000,671,329,1.24069478908189,2.43703703703704
2013,wistud,wistud.runC,244,1000,374,626,2.18818380743982,7.5421686746988
2013,wistud,wistud.runC,245,1000,472,528,1.74825174825175,5.28
2013,wistud,wistud.runC,246,1000,842,158,1.09649122807018,2.25714285714286
2013,wistud,wistud.runC,247,473,335,138,1.22222222222222,2.65384615384615
2013,wistud,wistud.runC,248,1000,740,260,1.18063754427391,2.42990654205607
2013,wistud,wistud.runC,249,1000,540,460,1.43266475644699,2.91139240506329
2013,wistud,wistud.runC,250,983,521,462,1.52639751552795,3.75609756097561
